Date,PG,KO,JNJ,WMT,MSFT,AAPL,MCD,HD,DOCU,META,NVDA,NFLX,AMD,TSLA,V,UNH,GOOGL,BRKb,JPM,PEP
6/5/2025,159.21,71.71,154.47,98.51,433.31,198.51,316.79,359.39,81.65,587.31,113.54,1137.69,98.62,275.35,347.70,394.51,163.23,512.33,249.25,130.90
5/5/2025,158.83,71.70,155.00,99.33,436.17,198.89,315.72,361.73,82.44,599.27,113.82,1134.06,100.59,280.26,348.64,404.81,164.21,512.15,252.56,130.74
2/5/2025,160.52,71.65,156.12,98.75,435.28,205.35,311.96,364.52,82.13,597.02,114.50,1156.49,98.80,287.21,347.60,399.92,164.03,539.80,252.51,131.99
1/5/2025,159.98,71.29,154.46,97.41,425.40,213.32,313.64,358.30,80.85,572.21,111.61,1133.47,96.65,280.52,342.45,400.68,161.30,530.23,246.89,133.75
30/4/2025,162.57,72.55,156.31,97.25,395.26,212.50,319.65,360.49,81.75,549.00,108.92,1131.72,97.35,282.16,345.50,411.44,158.80,533.25,244.62,133.55
29/4/2025,162.26,72.35,155.91,96.04,394.04,211.21,314.50,359.00,82.27,554.44,109.02,1125.64,96.06,292.03,341.52,409.23,160.16,534.57,244.62,135.58
28/4/2025,161.85,71.79,155.35,95.22,391.16,210.14,316.81,356.92,82.03,549.74,108.73,1110.38,96.39,285.88,337.51,420.00,160.61,530.94,243.22,134.31
25/4/2025,161.02,71.91,154.58,95.09,391.85,209.28,316.74,357.58,82.81,547.27,111.01,1101.53,96.64,284.95,335.17,418.64,161.96,530.96,243.55,133.76
24/4/2025,159.53,72.52,154.93,95.84,387.30,208.37,316.22,359.64,81.67,533.15,106.43,1096.87,94.47,259.51,335.71,424.25,159.28,531.64,244.64,133.38
23/4/2025,165.73,73.30,155.38,94.96,374.39,204.60,318.48,356.42,78.01,520.27,102.71,1049.59,90.39,250.74,334.37,427.96,155.35,526.81,240.88,135.31
22/4/2025,167.88,73.90,157.75,94.85,366.82,199.74,319.08,354.43,74.20,500.28,98.89,1040.34,86.26,237.97,331.40,427.18,151.47,520.79,235.59,142.26
21/4/2025,165.75,72.77,156.92,92.41,359.12,193.16,308.72,346.90,71.89,484.66,96.91,987.91,85.56,227.50,320.10,425.33,147.67,506.92,228.99,143.46
17/4/2025,170.63,73.00,157.47,93.22,367.78,196.98,311.30,355.06,75.42,501.48,101.49,973.03,87.50,241.37,329.61,454.11,151.16,518.21,231.96,141.73
16/4/2025,166.39,71.68,153.91,91.19,371.61,194.27,309.10,345.99,76.39,502.31,104.49,961.63,88.29,241.55,331.33,585.04,153.33,516.45,229.61,142.84
15/4/2025,168.47,71.86,153.62,93.97,385.73,202.14,312.48,354.11,77.49,521.52,112.20,976.28,95.29,254.11,335.81,583.59,156.31,528.17,233.13,140.09
14/4/2025,169.13,72.45,154.36,94.73,387.81,202.52,316.07,357.20,75.26,531.48,110.71,931.28,94.50,252.35,335.18,587.06,159.07,529.52,234.72,142.84
11/4/2025,166.91,71.43,151.73,92.80,388.45,198.15,309.90,353.86,74.35,543.57,110.93,918.29,93.40,252.31,333.40,599.47,157.14,524.11,236.20,146.75
10/4/2025,163.56,70.76,148.69,90.61,381.35,190.42,306.78,353.62,73.22,546.29,107.57,921.17,88.70,252.40,324.61,594.40,152.82,515.81,227.11,144.43
9/4/2025,162.32,69.95,150.97,89.60,390.49,198.85,303.96,355.39,78.59,585.77,114.33,945.47,96.84,272.20,332.43,578.50,158.71,521.41,234.34,144.14
8/4/2025,158.39,68.42,150.00,81.79,354.56,172.42,299.83,335.24,70.35,510.45,96.30,870.40,78.21,221.86,308.27,553.08,144.70,492.64,216.87,145.59
7/4/2025,160.23,68.37,150.62,83.83,357.86,181.46,299.89,341.51,71.95,516.25,97.64,867.83,83.64,233.29,312.32,524.70,146.75,490.38,214.44,140.30
4/4/2025,163.75,69.93,153.24,83.19,359.84,188.38,300.11,353.90,72.21,504.73,94.31,855.86,85.76,239.43,313.13,525.05,145.60,493.54,210.28,143.19
3/4/2025,172.39,73.18,159.82,87.26,373.11,203.19,318.27,355.91,77.37,531.62,101.80,917.05,93.80,267.28,339.39,540.44,150.72,530.16,228.69,146.61
2/4/2025,169.50,71.33,155.36,89.76,382.14,223.89,311.58,370.89,83.40,583.93,110.42,935.52,102.96,282.76,346.33,523.20,157.04,537.72,245.82,151.37
1/4/2025,170.56,71.87,153.25,88.83,382.19,223.19,313.63,365.52,82.69,586.00,110.15,928.38,102.78,268.46,346.35,523.12,157.07,532.99,243.66,149.12
31/3/2025,170.42,71.62,165.84,87.79,375.39,222.13,312.37,366.49,81.40,576.36,108.38,932.53,102.74,259.16,350.46,523.75,154.64,532.58,245.30,149.67
28/3/2025,168.03,70.37,163.71,85.15,378.80,217.90,307.09,358.15,83.18,576.74,109.67,933.85,103.22,263.55,342.85,516.04,154.33,526.31,242.85,149.94
27/3/2025,168.71,70.74,163.13,85.63,390.58,223.85,312.69,362.73,85.65,602.58,111.43,976.72,106.65,273.13,349.86,515.72,162.24,534.52,248.12,149.27
26/3/2025,166.58,70.02,161.72,85.21,389.97,221.53,313.58,362.13,86.91,610.98,113.76,970.65,110.19,272.06,344.18,518.20,165.06,533.21,251.03,149.67
25/3/2025,162.85,68.81,161.02,84.76,395.16,223.75,306.92,360.99,89.39,626.31,120.69,997.28,114.81,288.14,344.62,513.43,170.56,528.87,251.13,148.64
24/3/2025,165.65,68.95,163.29,87.49,393.08,220.73,305.67,363.77,89.00,618.85,121.41,971.99,113.85,278.39,343.87,516.50,167.68,525.85,248.06,145.54
21/3/2025,166.69,68.67,163.63,85.98,391.26,218.27,305.44,351.15,88.06,596.25,117.70,960.29,106.44,248.71,335.66,516.85,163.99,521.91,241.63,146.45
20/3/2025,167.55,69.71,163.02,85.81,386.84,214.10,307.00,355.52,85.11,586.00,118.53,950.84,107.14,236.26,339.50,511.30,162.80,528.73,239.01,145.45
19/3/2025,168.57,69.28,162.99,86.33,387.82,215.24,306.92,353.42,85.61,584.06,117.52,959.49,106.23,235.86,339.87,503.20,163.89,525.27,239.11,147.15
18/3/2025,167.71,69.38,164.25,85.59,383.52,212.69,303.60,349.57,85.01,582.36,115.43,929.98,103.51,225.31,334.77,503.80,160.67,523.14,234.97,148.11
17/3/2025,169.76,70.12,162.84,87.46,388.70,214.00,303.97,354.13,83.43,604.90,119.53,950.02,104.59,238.01,334.55,499.02,164.29,523.01,233.93,148.99
14/3/2025,167.97,69.16,162.81,85.35,388.56,213.49,299.83,351.31,85.76,607.60,121.67,918.00,100.97,249.98,331.80,488.65,165.49,514.60,232.44,151.34
13/3/2025,168.59,69.62,162.99,84.50,378.77,209.68,297.50,347.25,74.70,590.64,115.58,890.17,98.11,240.68,328.55,481.52,162.76,504.25,225.19,148.59
12/3/2025,168.37,69.94,162.85,85.20,383.27,216.98,299.40,364.73,80.13,619.56,115.74,919.68,100.79,248.09,332.84,481.11,167.11,495.94,227.90,148.34
11/3/2025,173.12,71.04,165.86,87.44,380.45,220.84,306.76,368.16,79.50,605.71,108.76,895.10,96.76,230.58,332.14,486.04,164.04,496.25,229.14,148.17
10/3/2025,176.26,71.45,167.70,87.82,380.16,227.48,317.25,374.65,77.86,597.99,106.98,866.68,96.63,222.15,341.48,480.22,165.87,497.10,232.22,152.33
7/3/2025,175.95,71.43,166.69,91.72,393.31,239.07,321.29,376.80,79.83,625.66,112.69,891.11,100.31,262.67,345.32,493.48,173.86,495.62,242.28,156.25
6/3/2025,174.66,70.46,165.83,94.64,396.89,235.33,310.37,381.73,79.77,627.93,110.57,906.36,98.85,263.45,344.16,487.72,172.35,497.84,246.54,154.44
5/3/2025,174.61,70.08,165.12,95.98,401.02,235.74,307.45,386.35,82.36,656.47,117.30,990.92,101.67,279.10,352.68,475.98,173.02,498.50,251.53,154.61
4/3/2025,173.18,70.19,165.42,94.97,388.61,235.93,305.77,381.68,82.06,640.00,115.99,972.58,100.75,272.04,352.23,474.61,170.92,495.86,250.25,153.88
3/3/2025,175.59,72.32,167.28,97.59,388.49,238.03,304.29,389.69,81.70,655.05,114.06,973.70,98.23,284.65,361.82,467.05,167.01,510.08,260.62,154.19
28/2/2025,173.84,71.21,165.02,98.61,396.99,241.84,308.33,396.60,83.17,668.20,124.92,980.56,99.86,292.98,362.71,474.96,170.28,513.83,264.65,155.99
27/2/2025,171.97,70.87,163.73,96.79,392.53,237.30,309.95,390.27,81.28,658.24,120.15,963.07,99.51,281.95,355.74,468.56,168.50,502.41,259.05,153.47
26/2/2025,171.30,70.80,163.08,96.20,399.73,240.36,304.27,390.48,82.28,673.70,131.28,990.06,104.74,290.80,350.63,463.59,172.73,494.10,258.79,152.02
25/2/2025,172.65,71.49,166.09,97.69,397.90,247.04,310.72,393.29,81.66,657.50,126.63,977.24,103.96,302.80,352.09,470.38,175.42,499.82,257.40,151.51
24/2/2025,170.54,70.59,163.74,93.67,404.00,247.10,307.57,382.42,83.69,668.13,130.28,988.47,108.11,330.53,349.86,461.52,179.25,498.42,261.34,156.42
21/2/2025,170.23,71.35,162.30,94.78,408.21,245.55,304.81,385.30,83.96,683.55,134.43,1003.15,110.84,337.80,348.53,466.42,179.66,478.74,264.24,153.85
20/2/2025,167.21,70.04,159.68,97.21,416.13,245.83,303.05,394.64,86.20,694.84,140.11,1024.54,114.17,354.40,350.49,502.42,184.56,481.80,266.80,153.50
19/2/2025,166.49,70.07,157.89,104.00,414.77,244.87,301.94,395.43,86.73,703.77,139.23,1043.33,114.69,360.56,355.23,511.04,185.27,483.77,279.25,149.10
18/2/2025,165.43,69.05,154.99,103.78,409.64,244.47,304.83,403.31,87.34,716.37,139.40,1035.85,114.28,354.11,356.73,500.73,183.77,482.82,279.95,145.81
14/2/2025,162.89,68.87,156.15,104.04,408.43,244.60,308.55,409.50,87.34,736.67,138.85,1058.60,113.10,355.84,353.81,523.51,185.23,479.59,276.59,144.10
13/2/2025,171.02,69.50,157.25,105.05,410.54,241.53,310.02,412.43,88.63,728.56,135.29,1043.69,111.81,355.94,355.63,531.18,186.14,480.49,276.32,143.39
12/2/2025,169.58,68.71,155.26,103.61,409.04,236.87,307.60,407.14,88.29,725.38,131.14,1027.31,111.72,336.51,351.49,527.40,183.61,471.73,275.45,144.58
11/2/2025,169.43,67.60,156.13,102.47,411.44,232.62,310.21,416.36,87.92,719.80,132.80,1008.08,111.10,328.50,350.72,533.92,185.32,472.61,274.99,143.99
10/2/2025,167.53,64.55,154.24,102.92,412.22,227.65,308.42,413.99,90.86,717.40,133.57,1027.60,110.48,350.73,351.23,533.37,186.47,470.17,271.04,145.64
7/2/2025,167.97,63.84,153.12,101.15,409.75,227.63,294.30,407.37,90.48,714.52,129.84,1013.93,107.56,361.62,348.02,527.03,185.34,472.74,275.80,144.35
6/2/2025,168.88,63.36,153.51,102.85,415.82,233.22,294.36,414.16,93.85,711.99,128.68,1015.68,110.16,374.32,347.48,530.04,191.60,477.22,276.90,144.58
5/2/2025,169.01,63.12,154.69,102.46,413.29,232.47,288.83,413.82,96.89,704.87,124.83,1011.11,112.01,378.17,349.44,539.81,191.33,473.73,270.43,145.35
4/2/2025,168.13,62.67,153.49,100.77,412.37,232.80,289.77,411.49,96.47,704.19,118.65,994.87,119.50,392.21,345.15,545.45,206.38,467.49,267.94,145.66
3/2/2025,168.76,63.35,151.87,99.54,410.92,228.01,290.05,408.76,96.50,697.46,116.66,978.94,114.27,383.68,345.82,548.18,201.23,464.61,266.81,143.49
31/1/2025,165.99,63.48,152.15,98.16,415.06,236.00,288.70,411.98,96.73,689.18,120.07,976.76,115.95,404.60,341.80,542.49,204.02,468.67,267.30,150.27
30/1/2025,167.41,64.05,152.87,98.65,414.99,237.59,290.32,414.50,95.85,687.00,124.65,973.24,118.86,400.28,343.05,545.57,200.87,472.35,268.23,150.69
29/1/2025,166.23,62.83,151.15,97.50,442.33,239.36,290.11,413.42,95.46,676.49,123.70,978.15,117.35,389.10,335.88,538.10,195.41,469.26,266.58,151.90
28/1/2025,166.19,62.36,150.38,97.29,447.20,238.26,291.15,418.83,97.70,674.33,128.99,971.83,114.17,398.09,334.48,542.48,195.30,469.97,267.14,150.37
27/1/2025,169.66,63.87,152.89,97.40,434.56,229.86,293.09,424.87,92.26,659.88,118.42,971.89,115.01,397.15,334.54,543.52,191.81,474.70,265.85,150.25
24/1/2025,164.12,61.92,146.82,94.76,444.06,222.78,285.46,414.50,91.60,647.49,142.62,977.59,122.84,406.58,330.20,532.51,200.21,463.19,264.84,154.61
23/1/2025,166.15,61.53,146.64,93.81,446.71,223.66,284.43,414.39,90.54,636.45,147.22,984.86,123.04,412.38,328.21,529.77,197.98,459.83,265.95,149.12
22/1/2025,164.74,61.78,145.27,93.23,446.20,223.83,281.35,410.10,91.76,623.50,147.07,953.99,123.75,415.11,323.56,519.72,198.37,460.51,262.84,148.62
21/1/2025,161.72,62.42,148.15,93.08,428.50,222.64,282.61,418.43,91.36,616.46,140.83,869.68,122.28,424.07,323.63,524.99,198.05,468.57,263.03,148.09
17/1/2025,161.13,62.71,147.03,91.94,429.03,229.98,280.95,409.38,89.60,612.77,137.71,858.10,121.46,426.50,319.62,509.76,196.00,467.95,259.16,148.55
16/1/2025,160.50,62.25,147.77,91.30,424.58,228.26,279.74,409.33,91.16,611.30,133.57,842.37,118.44,413.82,317.25,510.59,192.91,462.81,254.27,148.25
15/1/2025,159.65,61.77,144.97,91.34,426.31,237.87,282.30,406.09,91.34,617.12,136.24,848.26,119.96,428.22,316.28,543.42,195.55,458.51,252.35,146.54
14/1/2025,159.74,62.04,144.75,90.79,415.67,233.28,281.58,392.78,90.09,594.25,131.76,828.40,116.09,396.36,309.09,543.74,189.66,450.03,247.47,144.78
13/1/2025,158.84,61.65,144.47,91.53,417.19,234.40,283.63,389.18,90.02,608.33,133.23,840.29,117.32,403.31,306.92,541.14,191.01,443.91,244.21,144.95
10/1/2025,158.56,61.07,142.06,93.00,418.95,236.85,282.31,389.89,90.42,615.86,135.91,837.69,116.04,394.74,307.71,520.69,192.04,442.66,239.87,144.50
8/1/2025,162.10,61.71,142.27,91.80,424.56,242.70,286.90,387.20,89.51,610.72,140.11,875.00,121.84,394.94,312.60,524.52,193.95,451.84,243.13,142.64
7/1/2025,161.30,60.84,146.23,90.81,422.37,242.21,289.34,384.23,88.26,617.89,140.14,879.19,127.33,394.36,311.67,514.25,195.49,452.92,243.17,146.54
6/1/2025,160.60,60.81,143.66,91.43,427.85,245.00,292.18,389.37,91.16,630.20,149.43,881.79,129.55,411.05,313.04,513.67,196.87,451.41,240.85,145.40
3/1/2025,165.13,61.75,144.19,90.78,423.35,243.36,294.78,389.18,90.21,604.63,144.47,881.05,125.37,410.44,314.91,513.00,191.79,453.56,243.28,146.27
2/1/2025,165.98,61.84,144.02,90.00,418.58,243.85,292.51,388.46,90.35,599.24,138.31,886.73,120.63,379.28,314.40,504.51,189.43,451.10,240.00,149.65
31/12/2024,167.65,62.26,144.62,90.35,421.50,250.42,289.89,388.99,89.94,585.51,134.29,891.32,120.79,403.84,316.04,505.86,189.30,453.28,239.71,150.21
30/12/2024,167.09,62.03,143.34,90.57,424.83,252.20,289.60,389.43,91.70,591.24,137.49,900.43,122.44,417.41,315.31,507.80,191.24,452.16,239.32,152.06
27/12/2024,169.53,62.45,145.05,91.66,430.53,255.59,293.62,392.86,93.00,599.81,137.01,907.55,125.19,431.66,318.66,509.99,192.76,456.51,241.17,151.72
26/12/2024,170.16,62.57,145.58,92.79,438.11,259.02,294.80,395.14,95.77,603.35,139.93,924.14,125.06,454.13,320.91,511.15,195.60,459.08,243.14,152.89
24/12/2024,168.94,62.84,145.85,92.68,439.33,258.20,293.99,396.14,94.85,607.75,140.22,932.12,126.29,462.28,320.65,506.10,196.11,458.66,242.31,152.44
23/12/2024,168.11,62.38,145.27,90.35,435.25,255.27,291.29,392.45,95.80,599.85,139.67,911.45,124.60,430.60,317.22,506.34,194.63,454.35,238.39,152.81
20/12/2024,168.06,62.55,144.47,92.24,436.60,254.49,292.68,392.60,94.41,585.25,134.70,909.05,119.21,421.06,317.71,500.13,191.41,453.20,237.60,151.29
19/12/2024,169.19,62.45,143.58,93.40,437.03,249.79,290.23,385.02,94.15,595.57,130.68,902.04,118.88,436.17,314.88,489.25,188.51,449.34,232.96,152.79
18/12/2024,169.08,62.85,144.75,93.55,437.39,248.05,290.88,393.82,92.71,597.19,128.91,889.55,121.41,440.13,309.78,499.72,188.40,446.59,230.37,151.47
17/12/2024,170.33,63.40,146.41,95.42,454.46,253.48,296.08,408.47,98.17,619.44,130.39,919.13,125.02,479.86,318.30,485.52,195.42,455.66,238.36,154.43
16/12/2024,171.14,62.55,143.85,94.87,451.59,251.04,297.71,410.71,97.83,624.24,132.00,921.08,126.69,463.02,315.89,498.50,196.66,455.20,239.58,156.14
13/12/2024,171.06,63.12,146.62,94.25,447.27,248.13,296.60,416.98,94.48,620.35,134.25,918.87,126.91,436.23,314.74,520.48,189.82,457.90,239.94,156.02
12/12/2024,170.85,63.84,146.24,94.09,449.56,247.96,296.63,414.42,94.52,630.79,137.34,925.55,130.60,418.10,314.23,515.76,191.96,458.63,241.53,157.97
11/12/2024,170.63,62.64,146.64,94.96,448.99,246.49,296.10,421.38,94.75,632.68,139.31,936.56,130.15,424.77,313.79,533.53,195.40,461.39,243.53,158.90
10/12/2024,172.28,62.91,149.23,94.55,443.33,247.77,300.71,422.59,95.85,619.32,135.07,913.35,127.74,400.99,312.38,565.19,185.17,462.49,242.86,156.77
9/12/2024,170.79,62.60,149.60,93.83,446.02,246.75,301.37,429.18,102.26,613.57,138.81,913.69,130.87,389.79,308.30,560.62,175.37,463.87,243.81,159.84
6/12/2024,173.82,62.53,149.31,95.70,443.57,242.84,298.98,431.37,106.99,623.77,142.44,934.74,138.59,389.22,311.01,549.62,174.71,470.50,247.36,159.47
5/12/2024,176.03,62.92,149.52,95.30,442.62,243.04,299.47,426.54,83.68,608.93,145.06,917.87,141.36,369.49,309.08,578.97,172.64,470.57,245.48,157.79
4/12/2024,175.11,62.21,150.47,94.45,437.42,243.01,295.09,427.92,83.99,613.78,145.14,911.06,143.99,357.93,309.90,610.79,174.37,468.32,243.40,160.49
3/12/2024,175.42,63.52,152.36,93.51,431.20,242.65,294.50,429.35,80.45,613.65,140.26,902.17,141.98,351.42,313.01,605.23,171.34,470.19,244.82,160.18
2/12/2024,179.70,63.65,154.80,92.64,430.98,239.59,292.44,426.96,80.26,592.83,138.63,897.74,142.06,357.09,316.65,608.52,171.49,477.33,246.25,161.70
29/11/2024,179.26,64.08,155.01,92.50,423.46,237.33,296.01,429.13,79.69,574.32,138.25,886.81,137.18,345.16,315.08,610.20,168.95,483.02,249.72,163.05
27/11/2024,179.36,64.43,155.40,91.88,422.99,234.93,295.08,427.19,80.38,569.20,135.34,877.34,136.24,332.89,314.70,608.38,169.23,483.08,249.79,163.45
26/11/2024,179.31,64.55,154.52,91.31,427.99,235.06,296.33,429.52,85.30,573.54,136.92,872.60,137.72,338.23,311.82,606.79,169.12,478.56,249.97,162.72
25/11/2024,177.39,64.38,155.78,89.50,418.79,232.87,296.19,428.67,85.51,565.11,136.02,865.59,141.13,338.59,313.19,605.83,167.65,477.43,250.29,162.16
22/11/2024,176.28,63.92,155.17,90.44,417.00,229.87,290.28,420.00,83.03,559.14,141.95,897.79,138.35,352.56,309.92,590.87,164.76,476.57,248.55,163.05
21/11/2024,172.75,63.76,155.50,88.39,412.87,228.52,288.47,410.45,80.15,563.09,146.67,897.48,137.49,339.64,309.90,597.49,167.63,472.06,244.76,162.00
20/11/2024,170.89,62.99,153.11,87.18,415.49,229.00,290.91,400.00,78.81,565.52,145.89,883.85,137.60,342.03,307.39,600.50,175.98,468.83,240.78,160.34
19/11/2024,170.76,62.59,153.00,86.60,417.79,228.28,290.73,406.80,79.52,561.09,147.01,871.32,139.39,346.00,311.85,577.00,178.12,468.86,243.09,158.74
18/11/2024,170.75,61.86,154.77,84.08,415.76,228.02,291.10,410.44,78.37,554.40,140.15,847.05,138.93,338.74,312.16,589.65,175.30,472.20,245.03,156.72
15/11/2024,169.54,61.74,154.00,84.25,415.00,225.00,292.63,408.18,79.11,554.08,141.98,823.96,134.90,320.72,309.64,592.23,172.49,470.28,245.31,158.33
14/11/2024,167.08,62.55,151.87,84.47,426.89,228.22,298.56,405.72,80.36,577.16,146.76,837.26,138.84,311.18,308.25,593.15,175.58,467.70,241.87,158.62
13/11/2024,166.58,63.00,153.24,85.50,425.20,225.12,297.35,410.19,81.81,580.00,146.27,830.47,139.30,330.24,309.48,605.87,178.88,468.10,241.16,165.15
12/11/2024,165.84,63.20,152.64,84.99,423.03,224.23,298.65,403.08,82.47,584.82,148.29,819.50,143.63,328.49,309.85,614.67,181.62,466.29,239.56,164.74
11/11/2024,166.03,63.36,155.04,84.21,418.01,224.23,301.53,408.29,81.22,583.17,145.26,805.44,147.35,350.00,310.92,625.25,180.35,467.36,239.29,164.34
8/11/2024,167.71,63.92,155.47,84.83,422.54,226.96,298.97,405.90,79.38,589.34,147.63,795.04,147.95,321.22,307.87,615.81,178.35,463.41,236.98,164.26
7/11/2024,163.41,63.66,156.73,83.85,425.43,227.48,294.66,399.44,76.47,591.70,148.88,796.54,149.82,296.91,305.80,605.45,180.75,460.13,236.38,165.11
6/11/2024,161.05,63.70,157.88,83.44,420.18,222.72,294.00,388.37,75.51,572.05,145.61,780.21,145.10,288.53,307.40,596.69,176.51,468.90,247.06,164.00
5/11/2024,165.76,65.37,158.35,83.68,411.46,223.45,297.32,400.09,72.25,572.43,139.91,763.91,141.66,251.44,293.29,567.03,169.74,445.06,221.49,164.71
4/11/2024,165.08,65.11,158.24,82.45,408.46,222.01,292.85,395.57,69.85,560.68,136.05,755.51,140.71,242.84,291.85,557.77,169.24,442.29,219.78,167.85
1/11/2024,165.10,65.01,160.13,82.19,410.37,222.91,295.21,392.59,71.11,567.16,135.40,756.10,141.86,248.98,290.74,567.56,171.29,452.14,222.94,166.34
31/10/2024,165.18,65.31,159.86,81.95,406.35,225.91,292.11,393.75,69.38,567.58,132.76,756.03,144.07,249.85,289.85,564.50,171.11,450.92,221.92,165.59
30/10/2024,166.16,65.92,160.61,81.39,432.53,230.10,291.52,392.52,68.98,591.80,139.34,753.74,148.60,257.55,290.16,562.96,174.46,454.96,224.41,166.08
29/10/2024,167.17,65.56,160.09,81.70,431.95,233.67,295.00,395.07,70.15,593.28,141.25,759.44,166.25,259.52,281.88,562.13,169.68,454.62,222.90,166.21
28/10/2024,169.30,66.67,161.60,82.75,426.59,233.40,296.79,402.89,69.58,578.16,140.52,749.12,159.92,262.51,284.19,565.24,166.72,458.49,225.50,167.50
25/10/2024,168.22,66.92,160.88,82.51,428.15,231.41,292.61,398.91,68.99,573.25,141.54,754.68,156.23,269.19,281.73,564.56,165.27,454.01,222.31,169.84
24/10/2024,169.62,67.30,163.67,83.04,424.73,230.57,301.58,402.68,70.58,567.78,140.41,754.55,153.44,260.48,283.22,560.81,162.72,457.77,224.98,171.79
23/10/2024,169.58,68.01,165.86,83.27,424.60,230.76,298.57,399.64,70.56,563.69,139.56,749.29,152.91,213.65,283.76,564.64,162.78,460.61,223.41,172.16
22/10/2024,169.70,69.45,163.45,82.02,427.51,235.86,314.69,401.85,70.68,582.01,143.59,764.24,154.09,217.97,284.79,569.86,165.14,461.45,224.12,172.95
21/10/2024,169.54,69.45,162.83,80.81,418.78,236.48,314.89,406.40,71.78,575.16,143.71,772.07,157.90,218.85,286.85,571.47,164.07,464.16,223.00,174.37
18/10/2024,171.28,70.44,165.12,81.31,418.16,235.00,316.56,415.00,72.30,576.47,138.00,763.89,155.97,220.70,290.62,569.61,163.42,464.80,225.37,175.01
17/10/2024,172.28,69.90,164.47,80.89,416.72,232.15,314.70,415.60,72.50,576.93,136.93,687.65,156.25,220.89,290.39,566.03,162.93,465.85,224.42,175.06
16/10/2024,172.38,70.57,164.28,81.22,416.12,231.78,312.92,418.61,72.60,576.79,135.72,702.00,156.13,221.33,287.52,571.34,165.16,465.69,223.64,174.67
15/10/2024,173.57,70.34,164.10,81.65,418.74,233.85,313.34,415.58,70.04,586.27,131.60,705.98,156.64,219.57,279.29,556.29,165.46,462.68,222.39,174.48
14/10/2024,172.51,70.34,161.60,80.29,419.14,231.30,309.84,415.42,68.86,590.42,138.07,713.00,165.27,219.16,280.68,605.40,164.96,459.98,221.48,175.90
11/10/2024,171.09,69.57,161.46,80.10,416.32,227.55,305.04,411.90,68.89,589.95,134.80,722.79,167.89,217.80,277.84,598.05,163.24,460.21,222.29,176.10
10/10/2024,168.95,69.25,160.51,79.61,415.84,229.04,304.04,409.96,69.22,583.83,134.81,730.29,164.18,238.77,277.47,597.70,162.08,454.93,212.84,174.81
9/10/2024,169.27,69.57,160.65,80.40,417.46,229.54,303.83,416.07,69.25,590.51,132.65,727.43,171.02,241.05,276.93,591.22,161.86,455.90,213.42,172.99
8/10/2024,168.16,69.18,159.69,79.71,414.71,225.77,301.90,414.18,66.89,592.89,132.89,721.76,172.80,244.50,274.96,581.58,164.38,453.80,210.75,172.54
7/10/2024,167.12,69.01,159.53,79.10,409.54,221.69,300.85,408.06,62.78,584.78,127.72,701.92,170.97,240.83,273.79,583.56,162.98,453.50,210.93,170.42
4/10/2024,168.88,70.17,160.29,80.94,416.06,226.80,303.76,408.36,63.84,595.94,124.92,719.70,170.90,250.08,277.93,591.20,167.06,461.97,211.22,167.21
3/10/2024,170.12,70.52,160.50,80.43,416.54,225.67,303.45,411.58,62.98,582.77,122.85,706.80,162.85,240.66,276.86,592.75,165.86,452.96,205.23,167.97
2/10/2024,171.92,71.01,161.17,80.43,417.13,226.78,303.76,411.26,62.33,572.81,118.85,711.09,159.78,249.02,277.00,592.31,165.86,456.67,207.29,168.53
1/10/2024,173.04,71.71,161.99,81.27,420.69,226.21,302.98,409.05,61.42,576.47,117.00,706.13,159.75,258.02,277.60,583.30,166.99,457.41,207.04,169.55
30/9/2024,173.20,71.86,162.06,80.75,430.30,233.00,304.51,405.20,62.09,572.44,121.44,709.27,164.08,261.63,274.95,584.68,165.85,460.26,210.86,171.38
27/9/2024,173.55,71.79,161.40,79.78,428.02,227.79,303.69,399.53,61.67,567.36,121.40,707.35,164.35,260.46,275.17,581.85,163.95,457.47,210.50,170.05
26/9/2024,173.21,71.40,161.39,79.92,431.31,227.52,303.65,396.70,62.53,567.84,124.04,711.43,167.49,254.22,271.69,574.81,162.73,454.18,209.78,170.00
25/9/2024,172.26,71.45,160.60,81.40,432.11,226.37,300.47,396.93,60.55,568.31,123.51,721.56,162.02,257.02,269.63,576.31,161.49,452.36,210.19,169.69
24/9/2024,173.24,71.33,162.78,80.67,429.17,227.37,300.27,400.66,58.66,563.33,120.87,722.26,158.32,254.27,272.78,575.19,162.29,454.56,211.59,169.40
23/9/2024,173.77,71.73,163.22,80.33,433.51,226.47,299.06,391.96,58.85,564.41,116.26,705.37,156.75,250.00,288.63,573.41,161.85,454.98,211.44,169.92
20/9/2024,174.22,71.64,164.16,79.06,435.27,228.20,296.83,389.86,57.97,561.35,116.00,701.03,155.95,238.25,284.77,575.00,163.59,455.31,211.09,172.11
19/9/2024,171.54,70.62,164.82,78.04,438.69,228.87,293.85,390.34,57.91,559.10,117.87,704.32,156.74,243.92,285.24,577.07,162.14,459.71,210.48,171.18
18/9/2024,173.92,71.75,166.15,79.03,430.81,220.69,292.03,384.01,56.64,537.95,113.37,690.47,148.29,227.20,288.48,580.65,159.81,456.60,207.53,174.66
17/9/2024,175.88,71.80,167.07,78.60,435.15,216.79,293.75,383.24,55.69,536.32,115.59,706.91,150.82,227.87,291.56,577.96,159.32,456.68,209.25,175.21
16/9/2024,177.24,72.10,166.99,80.56,431.34,216.32,296.69,382.01,56.76,533.28,116.78,696.50,152.08,226.78,290.48,589.14,158.06,451.78,207.86,176.87
13/9/2024,174.08,71.41,165.52,80.60,430.59,222.50,296.53,379.99,56.63,524.62,119.10,697.06,152.31,230.29,287.35,594.32,157.46,447.61,204.32,177.21
12/9/2024,173.47,71.23,164.64,79.66,427.00,222.77,292.35,374.43,56.49,525.60,119.14,686.80,150.77,229.81,285.37,588.42,154.69,450.87,206.60,177.36
11/9/2024,173.92,71.08,164.82,78.84,423.04,222.66,290.23,370.49,55.31,511.83,116.91,681.47,149.86,228.13,283.96,589.75,151.16,453.10,207.23,177.25
10/9/2024,177.79,71.55,167.38,78.81,414.20,220.11,291.27,370.87,54.56,504.79,108.10,673.62,142.84,226.17,285.34,599.03,148.66,458.92,205.56,175.78
9/9/2024,176.06,71.85,166.61,77.34,405.72,220.91,291.29,365.52,56.04,504.79,106.47,675.42,138.15,216.27,285.61,594.10,148.71,459.61,216.81,177.81
6/9/2024,175.59,71.14,164.38,76.64,401.70,220.82,289.51,360.05,59.19,500.27,102.83,665.77,134.35,210.73,279.37,596.88,150.92,459.42,212.46,178.19
5/9/2024,175.47,71.17,164.99,76.96,408.39,222.38,287.97,361.85,56.93,516.86,107.21,683.62,139.44,230.17,278.62,595.49,157.24,464.92,217.63,177.34
4/9/2024,175.90,72.56,167.36,77.24,408.90,220.85,288.03,364.67,57.42,512.74,106.21,679.68,140.87,219.41,280.49,604.18,156.45,478.57,219.33,179.30
3/9/2024,174.52,73.01,167.16,77.17,409.44,222.77,285.52,364.74,57.91,511.76,108.00,675.32,136.94,210.60,278.54,598.68,157.36,476.83,220.30,178.52
30/8/2024,171.54,72.47,165.86,77.23,417.14,229.00,288.66,368.50,59.21,521.31,119.37,701.35,148.56,214.11,276.37,590.20,163.38,475.92,224.80,177.54
29/8/2024,170.03,72.05,164.23,76.42,413.12,229.79,287.86,367.06,59.03,518.22,117.59,692.48,145.49,206.28,274.32,591.57,161.78,468.37,222.21,172.88
28/8/2024,169.06,71.75,163.92,76.08,410.60,226.49,287.05,372.69,57.66,516.78,125.61,683.84,146.36,205.75,269.19,588.54,162.85,464.59,221.29,172.09
27/8/2024,169.25,71.50,162.95,76.13,413.84,228.03,289.64,373.18,58.46,519.10,128.30,695.72,150.50,209.21,270.72,587.35,164.68,460.63,220.18,173.92
26/8/2024,170.35,70.84,164.61,76.03,413.49,227.18,288.68,374.11,58.72,521.12,126.46,688.44,149.99,213.21,268.21,587.13,166.16,454.49,219.17,175.30
23/8/2024,169.17,69.79,164.13,75.70,416.79,226.84,289.52,375.59,57.44,528.00,129.37,686.73,154.98,220.32,267.44,584.51,165.62,453.38,218.31,175.97
22/8/2024,170.15,69.33,162.35,75.58,415.55,224.53,289.21,365.36,56.70,531.93,123.74,688.96,151.70,210.66,267.94,578.72,163.80,449.03,216.63,175.87
21/8/2024,170.16,69.57,161.43,75.24,424.14,226.40,289.71,370.46,56.79,535.16,128.50,697.12,157.81,223.27,268.20,578.07,165.85,446.60,214.60,175.74
20/8/2024,170.41,69.38,160.16,74.54,424.80,226.51,285.63,367.27,56.87,526.73,127.25,698.54,156.40,221.10,268.04,580.65,167.18,448.36,214.52,175.21
19/8/2024,168.42,68.98,159.63,73.72,421.53,225.89,287.55,363.07,57.19,529.28,130.00,688.53,155.28,222.72,266.47,578.78,166.67,448.77,215.45,175.85
16/8/2024,167.89,69.18,159.39,73.45,418.47,226.05,278.49,362.06,56.80,527.42,124.58,674.07,148.56,216.12,267.38,577.68,162.96,444.51,213.97,173.82
15/8/2024,167.92,68.65,159.09,73.18,421.03,224.72,274.87,360.07,56.46,537.33,122.86,663.22,147.36,214.14,266.80,579.61,161.30,440.84,211.55,172.62
14/8/2024,168.80,68.58,158.48,68.66,416.86,221.72,271.15,355.66,55.59,526.76,118.08,661.68,140.75,201.38,261.14,579.67,160.37,438.47,210.24,172.52
13/8/2024,167.29,68.46,158.39,68.13,414.01,221.27,270.31,350.07,53.59,528.54,116.14,648.02,141.13,207.83,260.13,574.24,164.16,432.41,207.94,173.71
12/8/2024,166.81,68.17,159.88,68.70,406.81,217.53,269.46,345.81,52.02,515.95,109.02,633.14,136.77,197.49,259.89,565.29,162.29,430.39,206.19,172.37
9/8/2024,170.54,68.68,160.62,67.95,406.02,216.24,267.91,348.64,52.52,517.77,104.75,633.94,134.27,200.00,259.76,558.76,163.67,431.67,205.80,171.42
8/8/2024,170.87,68.73,160.22,67.66,402.69,213.31,271.19,348.34,52.10,509.63,104.97,630.35,136.32,198.84,259.83,566.24,162.03,431.54,204.06,172.39
7/8/2024,170.02,68.46,158.90,66.91,398.43,209.82,269.37,342.40,51.05,488.92,98.91,611.48,128.67,191.76,256.52,566.08,158.94,427.02,200.40,172.37
6/8/2024,168.09,68.05,158.97,67.74,399.61,207.23,270.06,353.91,50.58,494.09,104.25,609.57,130.18,200.64,258.26,568.35,158.29,422.14,200.34,171.79
5/8/2024,168.06,68.10,161.25,67.59,395.15,209.27,268.45,350.01,49.73,475.73,100.45,598.55,134.82,198.88,256.44,569.96,159.25,413.72,194.90,172.49
2/8/2024,170.08,69.33,164.14,68.46,408.49,219.86,276.69,355.43,51.73,488.14,107.27,613.64,132.50,207.67,266.58,589.83,166.66,428.36,199.14,174.04
1/8/2024,165.69,67.96,160.76,69.79,417.11,218.36,268.75,358.58,53.61,497.74,109.21,624.85,132.54,216.86,265.93,572.77,170.76,431.81,207.96,178.04
31/7/2024,160.76,66.74,157.85,68.64,418.35,222.08,265.40,368.16,55.48,474.83,117.02,628.35,144.48,232.07,265.67,576.16,171.54,438.50,212.80,174.96
30/7/2024,161.70,67.68,161.33,69.19,422.92,218.80,266.44,363.69,55.43,463.19,103.73,622.58,138.44,222.62,263.10,576.33,170.29,441.26,215.19,172.67
29/7/2024,169.93,66.83,158.56,69.62,426.73,218.24,261.42,361.67,55.77,465.71,111.59,626.96,139.75,232.10,261.60,566.75,169.53,438.31,210.85,173.18
26/7/2024,169.11,67.05,160.64,69.78,425.27,217.96,252.00,359.51,55.90,465.70,113.06,631.37,139.99,219.80,259.46,569.72,167.00,437.66,212.24,173.21
25/7/2024,166.90,66.07,159.64,70.02,418.40,217.49,251.46,353.29,55.10,453.41,112.28,634.09,138.32,220.25,253.74,559.68,167.28,433.29,208.67,172.75
24/7/2024,168.00,65.81,156.28,70.60,428.90,218.54,253.37,350.31,53.80,461.27,114.25,635.99,144.63,215.99,254.17,559.75,172.63,432.80,208.59,171.02
23/7/2024,166.62,64.96,152.35,70.65,444.85,225.01,254.05,359.62,56.11,488.69,122.59,642.76,154.00,246.38,264.79,554.70,181.79,434.01,210.33,168.17
22/7/2024,168.25,64.77,154.24,70.38,442.94,223.96,259.54,363.25,56.62,487.40,123.54,647.50,155.87,251.51,267.71,558.53,181.67,435.98,210.28,166.28
19/7/2024,167.96,65.29,154.69,70.75,437.11,224.31,257.28,363.36,55.89,476.79,117.93,633.34,151.58,239.20,265.46,565.33,177.66,434.47,209.78,167.66
18/7/2024,168.44,65.19,155.42,70.82,440.37,224.18,259.52,366.08,54.59,475.85,121.09,643.04,155.77,249.23,269.15,564.34,177.69,441.82,209.98,169.36
17/7/2024,169.44,65.21,156.58,71.03,443.52,228.88,261.00,371.89,56.18,461.99,117.99,647.46,159.43,248.50,272.70,573.28,181.02,445.61,216.87,170.37
16/7/2024,166.95,64.27,151.01,69.99,449.52,234.82,257.27,369.12,56.90,489.79,126.36,656.32,177.55,256.56,269.25,548.87,183.92,438.90,213.62,169.89
15/7/2024,164.58,63.41,149.24,69.61,453.96,234.40,251.53,358.46,57.13,496.16,128.44,656.45,179.83,252.64,268.45,515.37,186.53,434.42,210.05,164.76
12/7/2024,166.61,63.70,149.88,69.24,453.55,230.54,253.90,359.77,56.38,498.87,129.24,647.60,181.61,248.23,265.74,511.53,185.07,424.44,204.94,163.86
11/7/2024,165.54,63.10,149.70,69.80,454.70,227.57,254.80,353.79,54.29,512.70,127.40,652.75,181.94,241.03,262.55,504.36,185.57,418.78,207.45,166.38
10/7/2024,166.80,62.83,149.43,70.41,466.25,232.98,250.49,344.18,53.79,534.69,134.91,677.65,183.96,263.26,263.00,500.93,191.18,413.79,207.80,163.95
9/7/2024,165.66,62.69,147.05,69.90,459.54,228.68,245.82,337.09,51.91,530.00,131.38,685.74,177.10,262.33,265.44,492.11,188.98,410.52,207.63,163.59
8/7/2024,166.52,62.96,145.48,69.68,466.24,227.82,247.85,339.60,53.83,529.32,128.20,685.74,178.69,252.94,266.40,489.34,189.03,409.08,205.17,161.90
5/7/2024,165.21,63.76,146.48,70.04,467.56,226.34,251.09,334.58,54.46,539.91,125.83,690.65,171.90,251.52,270.36,488.01,190.60,411.17,204.79,162.12
3/7/2024,163.83,63.33,145.69,68.24,460.77,221.55,250.00,333.64,54.13,509.96,128.28,682.51,163.90,246.39,268.99,489.89,185.82,405.77,208.69,164.39
2/7/2024,163.90,63.15,146.03,68.07,459.28,220.27,247.79,334.97,54.32,509.50,122.67,679.58,164.31,231.26,268.23,498.24,185.24,407.10,208.83,162.60
1/7/2024,162.72,63.28,146.44,67.48,456.73,216.75,249.99,336.19,55.14,504.68,124.30,673.61,157.69,209.86,263.24,494.65,182.99,405.19,205.45,163.58
28/6/2024,164.92,63.65,146.16,67.71,446.95,210.62,254.84,344.24,53.50,504.22,123.54,674.88,162.21,197.88,262.47,509.26,182.15,406.80,202.26,162.89
27/6/2024,166.62,63.91,145.80,67.88,452.85,214.10,258.17,341.49,52.69,519.56,123.99,684.34,159.47,197.42,266.59,486.44,185.41,407.95,199.17,164.93
26/6/2024,167.45,64.05,146.82,68.29,452.16,213.25,257.83,341.82,51.62,513.12,126.40,677.69,157.54,196.37,273.60,484.04,183.88,410.26,197.43,166.26
25/6/2024,166.85,63.84,147.19,67.42,450.95,209.07,257.38,338.32,51.54,510.60,126.09,672.41,160.25,187.35,273.53,484.50,184.03,410.97,198.07,166.74
24/6/2024,168.45,63.97,149.12,68.90,447.67,208.14,260.38,350.88,51.69,498.91,118.11,669.02,160.25,182.58,276.30,489.98,179.22,413.98,198.88,167.35
21/6/2024,168.26,62.77,148.75,67.91,449.78,207.49,259.39,355.80,52.74,494.78,126.57,686.12,161.23,183.01,275.22,482.59,179.63,409.62,196.30,168.08
20/6/2024,167.67,62.18,147.78,68.01,445.70,209.68,253.80,353.44,52.20,501.70,130.78,679.03,161.78,181.57,276.82,484.52,176.30,409.15,198.67,167.28
18/6/2024,168.56,62.63,145.65,67.60,446.34,214.29,250.79,353.87,50.97,499.49,135.58,685.67,154.63,184.86,273.62,481.05,175.09,407.95,197.00,166.68
17/6/2024,167.50,62.62,145.95,67.42,448.37,216.67,253.51,349.50,51.03,506.63,130.98,675.83,158.40,187.44,271.17,489.23,177.24,407.32,194.98,166.48
14/6/2024,166.79,62.55,145.54,67.02,442.57,212.49,253.58,346.84,50.84,504.16,131.88,669.38,159.63,178.01,270.66,497.12,176.79,405.54,193.78,166.14
13/6/2024,166.41,62.99,145.45,66.70,441.58,214.24,253.70,347.88,51.18,504.10,129.61,653.26,159.90,182.47,271.19,497.30,175.16,405.92,193.66,163.81
12/6/2024,165.18,62.88,145.41,66.31,441.06,213.07,254.48,344.14,51.32,508.84,125.20,650.06,160.24,177.29,270.32,493.07,177.79,408.77,191.53,163.33
11/6/2024,167.48,63.55,146.76,66.73,432.68,207.15,254.28,335.72,52.07,507.47,120.91,648.55,158.96,170.66,274.67,496.22,176.62,408.50,194.36,163.83
10/6/2024,167.35,63.59,147.13,66.96,427.87,193.12,253.81,332.56,50.99,502.60,121.79,644.50,160.34,173.79,275.04,495.00,175.01,410.81,199.61,165.07
7/6/2024,167.06,63.91,147.08,65.88,423.85,196.89,256.21,327.03,52.05,492.96,120.89,641.47,167.87,177.48,278.67,490.69,174.46,413.72,199.95,165.90
6/6/2024,168.47,64.15,146.42,67.15,424.52,194.48,260.72,331.10,54.60,493.76,121.00,648.52,166.78,177.94,277.04,501.92,176.73,411.08,196.91,171.04
5/6/2024,166.05,63.92,145.97,67.09,424.01,195.87,259.99,330.26,53.54,495.06,122.44,650.27,166.17,175.00,274.50,503.12,175.41,409.85,197.26,173.20
4/6/2024,167.01,63.94,147.80,66.60,416.07,194.35,262.72,328.26,53.20,476.99,116.44,631.62,159.99,174.77,272.42,505.49,173.79,409.53,199.16,173.49
3/6/2024,164.65,62.93,147.74,65.82,413.52,194.03,259.75,328.01,53.44,477.49,115.00,633.79,163.55,176.29,270.38,497.44,173.17,414.79,201.82,173.89
31/5/2024,164.54,62.93,146.67,65.76,415.13,192.25,258.89,334.87,54.74,466.83,109.63,641.62,166.90,178.08,272.46,495.37,172.50,414.40,202.63,171.23
30/5/2024,162.58,61.97,145.28,64.89,414.67,191.29,252.07,329.18,54.69,467.05,110.50,647.66,166.75,178.79,271.30,481.65,172.11,408.61,199.33,172.90
29/5/2024,161.65,61.70,144.44,64.92,429.17,190.29,249.37,325.91,58.50,474.36,114.82,654.62,165.14,176.19,268.86,484.72,175.90,404.09,198.11,170.48
28/5/2024,163.11,61.82,144.38,65.04,430.32,189.99,253.54,328.70,57.71,479.92,113.90,649.00,171.61,176.75,270.98,503.68,176.40,403.90,199.50,171.15
24/5/2024,165.33,62.00,146.97,65.38,430.16,189.98,258.11,325.10,56.93,478.22,106.47,646.75,166.36,179.24,274.49,508.17,174.99,407.41,200.71,173.38
23/5/2024,165.49,62.09,149.70,64.84,427.00,186.88,257.93,326.89,57.32,465.78,103.80,635.67,160.43,173.74,274.23,516.83,173.55,405.88,196.92,177.99
22/5/2024,167.81,63.00,153.50,65.25,430.52,190.90,265.77,330.59,58.04,467.78,94.95,640.47,165.52,180.11,275.58,521.35,176.38,413.99,198.31,179.27
21/5/2024,168.35,62.91,151.24,65.15,429.04,192.35,265.87,336.15,59.89,464.63,95.39,650.61,164.66,186.60,275.95,523.55,177.85,414.37,199.52,182.09
20/5/2024,167.31,62.57,151.27,64.18,425.34,191.04,267.87,337.82,60.50,468.84,94.78,640.82,166.33,174.95,278.54,517.23,176.92,413.00,195.58,181.08
17/5/2024,167.64,63.03,154.64,64.65,420.21,189.87,272.38,344.21,60.22,471.91,92.48,621.10,164.47,177.46,280.10,524.63,176.06,416.94,204.79,180.31
16/5/2024,167.86,63.32,154.28,64.01,420.99,189.84,273.51,342.73,59.90,473.23,94.36,610.52,162.62,174.84,279.84,521.27,174.18,413.12,202.47,182.19
15/5/2024,166.51,63.13,152.67,59.83,423.08,189.72,273.87,348.67,61.13,481.54,94.63,613.52,159.67,173.99,281.50,517.55,172.51,412.76,202.11,183.11
14/5/2024,165.76,63.10,151.38,59.86,416.56,187.43,270.66,340.50,59.73,471.85,91.36,613.66,153.16,177.55,277.74,513.88,170.34,410.24,201.51,179.46
13/5/2024,165.87,63.58,151.22,60.41,413.72,186.28,271.32,340.96,59.76,468.01,90.40,616.59,150.56,171.89,279.39,511.74,169.14,411.22,198.73,179.87
10/5/2024,166.85,63.26,149.91,60.48,414.74,183.05,275.00,346.43,58.03,476.20,89.88,610.87,151.92,168.47,280.74,512.81,168.65,412.05,198.77,180.90
9/5/2024,166.04,62.88,149.85,60.44,412.32,184.57,267.95,347.44,57.28,475.42,88.75,612.09,152.39,171.97,278.54,507.03,169.96,408.82,197.50,179.79
8/5/2024,165.07,62.85,148.95,60.30,410.54,182.74,268.49,338.83,57.51,472.60,90.41,609.47,153.62,174.72,277.19,503.21,169.38,406.37,195.65,178.06
7/5/2024,165.76,62.62,148.72,60.62,409.34,182.40,267.50,340.69,58.31,468.24,90.55,606.00,154.43,177.81,276.46,500.96,171.25,406.14,191.75,177.41
6/5/2024,164.44,62.35,148.58,59.87,413.54,181.71,269.30,342.29,59.50,465.68,92.14,596.97,155.78,184.76,272.67,494.38,168.10,404.92,192.00,178.02
3/5/2024,164.46,62.17,149.27,59.82,406.66,183.38,270.32,342.85,59.80,451.96,88.79,579.34,150.60,181.19,268.49,492.45,167.24,400.87,190.51,175.82
2/5/2024,163.84,61.99,149.92,59.71,397.84,173.03,273.28,335.53,58.76,441.68,85.82,565.15,146.16,180.01,267.61,492.97,166.62,400.60,191.66,176.15
1/5/2024,163.40,61.93,151.18,58.85,394.94,169.30,274.43,331.97,57.30,439.19,83.04,551.71,144.27,179.99,267.32,484.11,163.86,398.58,191.86,175.45
30/4/2024,163.20,61.77,144.59,59.35,389.33,170.33,273.04,334.22,56.60,430.17,86.40,550.64,158.38,183.28,268.61,483.70,162.78,396.73,191.74,175.15
29/4/2024,161.66,62.04,146.82,60.24,402.25,173.50,273.55,336.80,57.10,432.62,87.76,559.49,160.20,194.05,271.84,489.03,166.15,400.96,193.28,175.91
26/4/2024,161.29,61.74,146.14,60.16,406.32,169.30,273.09,335.09,57.20,443.29,87.74,561.23,157.40,168.29,274.52,495.35,171.95,402.10,193.49,176.14
25/4/2024,162.55,61.74,146.82,60.21,399.04,169.89,275.60,331.98,57.35,441.38,82.63,564.80,153.76,170.18,275.16,493.86,156.00,404.91,193.37,175.58
24/4/2024,162.60,61.55,148.53,59.87,409.06,169.02,276.75,333.01,57.29,493.50,79.68,555.12,151.74,162.13,275.02,487.30,159.13,405.95,193.08,176.68
23/4/2024,161.50,60.64,149.56,59.09,407.57,166.90,276.88,339.00,56.71,496.10,82.42,577.75,152.27,144.68,274.11,486.18,158.26,408.74,192.14,177.41
22/4/2024,160.54,60.55,149.12,60.14,400.96,165.84,275.58,336.11,55.84,481.73,79.52,554.60,148.64,142.05,272.33,491.23,156.28,408.78,189.41,171.22
19/4/2024,158.14,60.17,147.91,59.53,399.12,165.00,271.99,335.36,55.70,481.07,76.20,555.04,146.64,147.05,269.78,501.13,154.09,405.08,185.80,176.46
18/4/2024,157.29,58.91,145.74,59.26,404.27,167.04,270.98,332.89,57.04,501.80,84.67,610.56,155.08,149.93,271.37,493.18,156.01,399.89,181.25,174.13
17/4/2024,156.96,58.51,144.77,59.65,411.84,168.00,269.95,332.83,58.06,494.17,84.04,613.69,154.02,155.45,272.69,478.99,155.47,397.74,180.08,172.27
16/4/2024,155.95,58.06,144.45,59.84,414.58,169.38,265.43,334.83,57.74,499.76,87.42,617.52,163.46,157.11,271.35,468.89,154.40,396.92,180.80,169.48
15/4/2024,155.45,58.14,147.59,59.93,413.64,172.69,266.23,337.93,56.67,500.23,86.00,607.15,160.32,161.48,271.28,445.63,154.86,400.26,182.89,167.50
12/4/2024,155.33,58.28,147.52,60.14,421.90,176.55,267.39,342.87,58.90,511.90,88.19,622.83,163.28,171.05,275.96,439.20,157.73,403.26,182.79,166.95
11/4/2024,155.84,59.05,148.79,60.09,427.93,175.04,268.62,347.37,59.48,523.16,90.62,628.78,170.50,174.60,275.68,441.72,159.41,407.61,195.43,168.10
10/4/2024,157.24,58.92,150.20,60.62,423.26,167.78,268.67,350.56,59.25,519.83,87.04,618.58,167.14,171.76,274.48,450.05,156.14,409.11,195.47,168.36
9/4/2024,156.66,59.72,152.29,59.79,426.28,169.67,269.44,361.42,60.14,516.90,85.35,618.20,170.78,176.88,276.72,459.72,156.60,414.69,197.15,168.95
8/4/2024,156.04,59.27,151.59,59.78,424.59,168.45,267.56,362.05,59.66,519.25,87.13,628.41,169.90,172.98,277.76,456.00,154.85,415.97,198.48,170.61
5/4/2024,156.10,59.51,152.39,59.85,425.52,169.58,266.69,357.87,59.47,527.34,88.01,636.18,170.42,164.90,277.14,455.74,152.50,418.62,197.45,169.58
4/4/2024,155.45,59.30,152.50,59.50,417.88,168.82,270.09,357.68,58.80,510.92,85.90,617.14,165.83,171.11,274.00,455.38,150.53,415.32,195.65,169.14
3/4/2024,156.15,59.83,154.26,59.43,420.45,169.65,275.54,359.90,60.55,506.74,88.96,630.08,180.77,168.38,276.96,459.74,154.92,420.24,198.30,169.65
2/4/2024,160.57,60.15,157.73,59.16,421.44,168.84,277.74,363.00,58.59,497.37,89.45,614.21,178.70,166.63,278.44,458.14,154.56,418.92,198.86,169.68
1/4/2024,160.58,60.68,157.78,60.00,424.57,170.03,280.22,368.03,58.23,491.35,90.36,614.31,183.34,175.22,278.28,489.70,155.49,420.20,198.94,171.44
28/3/2024,162.25,61.18,158.19,60.17,420.72,171.48,281.95,383.60,59.55,485.58,90.36,607.33,180.49,175.79,279.08,494.70,150.93,420.52,200.30,172.98
27/3/2024,162.61,61.03,157.96,60.72,421.43,173.31,282.02,385.89,59.27,493.86,90.25,613.53,179.59,179.83,279.02,493.10,150.87,416.93,199.52,175.01
26/3/2024,160.55,60.54,155.77,60.51,421.65,169.71,278.62,379.93,58.00,495.89,92.56,629.24,177.87,177.67,280.60,492.31,150.67,411.57,195.73,173.57
25/3/2024,160.19,60.40,155.22,60.57,422.86,170.85,278.62,383.51,58.63,503.02,95.00,627.46,178.63,172.63,281.21,485.88,150.07,409.92,194.82,172.73
22/3/2024,161.66,60.49,155.23,60.87,428.74,172.28,282.63,390.28,58.27,509.58,94.29,628.01,179.65,170.83,283.26,490.07,150.77,411.60,196.62,172.60
21/3/2024,161.86,60.47,155.75,61.45,429.37,171.37,283.53,395.20,58.70,507.76,91.43,622.71,178.68,172.82,290.37,491.69,147.60,413.78,199.06,172.02
20/3/2024,161.99,60.75,155.76,61.25,425.23,178.67,284.45,384.41,58.54,505.52,90.37,627.69,179.73,175.66,289.28,494.23,148.74,416.11,196.33,172.45
19/3/2024,161.83,60.23,156.21,60.87,421.41,176.08,282.87,379.41,58.95,496.24,89.40,620.74,181.42,171.32,287.35,493.32,147.03,411.76,193.79,171.86
18/3/2024,161.21,60.13,156.76,60.86,417.32,173.72,278.58,371.91,58.12,496.98,88.46,618.39,190.65,173.80,285.05,487.05,147.68,408.41,192.66,171.80
15/3/2024,161.38,59.88,158.18,60.68,416.42,172.62,279.14,373.23,56.77,484.10,87.84,605.88,191.06,163.57,283.04,490.82,141.18,408.13,190.30,171.26
14/3/2024,161.50,60.50,159.21,61.02,425.22,173.00,281.73,375.27,57.46,491.83,87.94,613.01,187.06,162.50,286.41,489.00,143.10,406.73,187.97,164.66
13/3/2024,162.30,61.12,161.10,61.28,415.10,171.13,282.86,378.99,59.41,495.57,90.89,609.45,194.79,169.48,285.14,488.00,139.79,408.13,191.38,164.78
12/3/2024,161.93,60.50,162.74,61.41,415.28,173.23,294.31,374.54,58.48,499.75,91.91,611.08,202.76,177.54,283.92,489.35,138.50,404.98,189.84,165.30
11/3/2024,161.55,60.24,161.23,60.66,404.52,172.75,294.82,371.52,57.98,483.59,85.77,600.93,198.39,177.77,280.56,489.15,137.67,404.76,188.29,164.54
8/3/2024,160.35,59.52,159.52,60.12,406.22,170.73,292.55,373.35,55.97,505.95,87.53,604.82,207.39,175.34,280.04,476.57,135.41,403.15,188.22,164.73
7/3/2024,160.62,59.44,158.87,60.36,409.14,169.00,291.11,376.55,53.56,512.19,92.67,608.51,211.38,178.65,278.26,478.78,134.38,402.39,187.87,163.05
6/3/2024,159.57,59.55,159.34,60.57,402.09,169.12,292.93,377.44,52.47,496.09,88.70,597.69,210.63,176.54,280.43,472.60,131.40,403.96,189.53,163.11
5/3/2024,159.32,59.52,159.97,60.04,402.65,170.12,292.54,378.45,51.78,490.22,85.96,598.50,205.13,180.74,279.38,473.15,132.67,400.74,188.55,163.00
4/3/2024,159.56,59.81,159.84,59.30,414.92,175.10,290.94,380.37,53.55,498.19,85.24,615.83,205.36,188.14,280.53,481.87,133.35,403.39,186.68,162.04
1/3/2024,158.85,59.53,162.12,58.76,415.50,179.66,290.73,384.45,54.58,502.30,82.28,619.34,202.64,202.64,283.16,489.53,137.14,407.11,185.29,165.37
29/2/2024,158.94,60.02,161.38,58.61,413.64,180.75,292.28,380.61,53.27,490.13,79.11,602.92,192.53,201.88,282.64,493.60,138.46,409.40,186.06,164.59
28/2/2024,160.05,60.40,161.55,59.62,407.72,181.42,295.19,377.61,52.77,484.02,77.66,596.48,176.54,202.04,285.63,498.28,136.38,412.14,184.38,165.34
27/2/2024,159.30,60.34,160.98,59.59,407.48,182.63,293.76,375.56,52.11,487.05,78.70,601.67,178.00,199.73,283.17,513.42,138.88,408.91,183.45,167.03
26/2/2024,160.22,60.71,160.79,59.60,407.54,181.16,297.12,371.60,51.80,481.74,79.09,587.65,176.01,199.40,284.15,525.32,137.57,409.14,183.36,168.16
23/2/2024,161.03,61.20,161.84,58.52,410.34,182.52,297.75,371.96,51.73,484.03,78.82,583.56,176.52,191.97,283.60,527.24,143.96,417.22,183.99,168.26
22/2/2024,160.56,61.15,160.45,58.47,411.65,184.37,295.92,371.34,50.14,486.13,78.54,588.47,181.86,197.41,283.75,526.50,144.09,415.16,183.07,169.60
21/2/2024,160.40,61.24,158.68,57.90,402.18,182.32,293.91,364.13,50.08,468.03,67.47,573.35,164.29,194.77,276.76,521.97,142.55,409.25,180.90,168.25
20/2/2024,158.51,60.70,157.86,58.62,402.79,181.56,292.65,362.57,49.98,471.75,69.45,575.13,165.69,193.76,275.15,521.06,141.12,407.15,179.73,168.83
16/2/2024,157.51,59.39,156.55,56.79,404.06,182.31,292.02,362.35,50.22,473.32,72.61,583.95,173.87,199.95,278.56,521.55,140.52,405.99,179.03,168.65
15/2/2024,157.01,59.40,157.92,56.43,406.56,183.86,291.86,361.08,51.51,484.03,72.66,593.46,176.76,200.45,280.98,520.88,142.77,403.45,179.87,166.32
14/2/2024,155.63,59.29,155.74,56.20,409.49,184.15,288.17,358.23,51.09,473.28,73.90,579.33,178.70,188.71,277.56,516.94,145.94,398.68,176.03,167.86
13/2/2024,156.27,59.35,156.47,56.38,406.32,185.04,287.11,357.59,50.52,460.12,72.13,554.52,171.54,184.02,275.81,516.85,145.14,394.80,174.26,167.52
12/2/2024,157.11,59.70,157.85,56.77,415.26,187.15,289.44,365.45,51.57,468.90,72.25,557.85,171.91,188.13,275.07,517.64,147.53,397.71,175.79,168.88
9/2/2024,157.42,59.56,156.76,56.43,420.55,188.85,289.47,363.15,51.18,468.11,72.13,561.32,172.48,193.57,276.43,518.22,149.00,398.36,175.01,170.61
8/2/2024,158.64,59.83,156.40,56.46,414.11,188.32,291.93,363.72,51.15,470.00,69.64,558.53,169.35,189.56,275.78,520.09,145.91,397.49,174.80,167.67
7/2/2024,159.12,59.99,157.98,56.46,414.05,189.41,287.33,362.69,51.31,469.59,70.10,559.30,170.94,187.58,279.39,519.39,145.54,397.66,175.43,173.85
6/2/2024,158.96,59.94,158.06,56.60,405.49,189.30,284.65,356.25,52.17,454.72,68.22,555.88,167.88,185.10,276.76,510.67,144.10,393.74,175.10,171.47
5/2/2024,158.21,60.04,155.80,56.22,405.65,187.68,285.97,355.14,53.21,459.41,69.33,562.06,174.23,181.06,275.58,502.96,143.68,390.76,174.50,171.42
2/2/2024,158.09,60.54,156.61,56.52,411.22,185.85,297.05,357.23,58.12,474.99,66.16,564.64,177.66,187.91,277.18,510.23,142.38,390.75,174.73,170.92
1/2/2024,159.18,60.98,158.36,56.10,403.78,186.86,298.08,360.07,58.93,394.78,63.03,567.51,170.48,188.86,277.05,507.14,141.16,386.44,173.73,170.97
31/1/2024,157.14,59.49,158.90,55.08,397.58,184.40,292.72,352.96,60.92,390.14,61.53,564.11,167.69,187.29,273.26,511.74,140.10,383.74,174.36,171.70
30/1/2024,157.49,59.90,158.77,55.20,408.59,188.04,294.65,357.10,61.61,400.06,62.77,562.85,172.06,191.59,277.15,503.61,151.46,387.15,176.27,168.53
29/1/2024,156.16,59.73,159.36,55.01,409.72,191.73,292.31,355.70,63.35,401.02,62.47,575.79,177.83,190.93,273.66,504.54,153.51,383.18,172.73,169.62
26/1/2024,156.14,59.37,159.50,54.76,403.93,192.42,292.26,355.30,62.63,394.14,61.03,570.42,177.25,183.25,267.94,503.20,152.18,385.40,172.28,168.15
25/1/2024,155.62,59.16,159.56,54.28,404.87,194.17,297.21,350.97,62.47,393.18,61.62,562.00,180.33,182.63,272.61,493.40,151.87,380.85,172.94,167.86
24/1/2024,152.12,58.91,158.96,53.50,402.56,194.50,300.44,347.27,62.47,390.70,61.36,544.87,178.29,207.83,271.65,513.23,148.70,376.59,170.50,166.56
23/1/2024,153.98,59.85,159.81,54.27,398.90,195.18,300.05,350.78,62.33,385.20,59.87,492.19,168.42,209.14,271.26,515.52,147.04,372.14,168.99,165.60
22/1/2024,147.86,59.57,162.47,54.13,396.51,193.89,298.41,356.69,62.01,381.78,59.65,485.71,168.18,208.80,271.20,512.99,145.99,368.06,170.11,167.64
19/1/2024,147.57,59.83,161.68,54.13,398.67,191.56,300.53,362.41,63.20,383.45,59.49,482.95,174.23,212.19,270.90,503.56,146.38,366.99,170.31,165.11
18/1/2024,148.14,60.16,161.21,54.41,393.87,188.63,294.36,357.90,61.26,376.13,57.11,485.31,162.67,211.88,268.14,516.34,143.48,362.38,167.42,165.78
17/1/2024,149.94,59.99,160.43,53.69,389.47,182.68,291.16,355.70,61.65,368.37,56.05,480.33,160.17,215.55,266.63,524.94,141.47,359.29,167.09,167.17
16/1/2024,149.79,59.99,160.52,53.94,390.27,183.63,291.09,358.43,62.65,367.46,56.38,481.24,158.74,219.91,265.24,519.15,142.49,361.10,167.99,166.44
12/1/2024,150.60,60.39,162.39,53.77,388.47,185.92,293.47,355.71,63.55,374.49,54.71,492.16,146.56,218.89,264.17,521.51,142.65,363.62,169.05,166.17
11/1/2024,150.51,59.81,161.15,53.70,384.63,185.59,294.15,356.53,61.35,369.67,54.82,492.23,148.02,227.22,264.03,539.68,142.08,363.34,170.30,167.27
10/1/2024,149.94,60.20,161.87,53.76,382.77,186.19,294.09,356.80,56.11,370.47,54.35,478.33,148.54,233.94,264.56,537.64,142.28,367.92,171.02,166.13
9/1/2024,149.30,60.00,161.63,53.10,375.79,185.14,290.87,346.19,56.09,357.43,53.14,482.09,149.26,234.96,263.33,538.37,140.95,366.90,170.66,166.92
8/1/2024,148.69,60.11,161.53,52.75,374.69,185.56,291.90,347.93,55.66,358.66,52.25,485.03,146.18,240.45,262.54,536.52,138.84,368.18,172.02,167.17
5/1/2024,147.42,59.67,161.13,52.24,367.75,181.18,288.99,342.94,54.64,351.95,49.10,474.06,138.58,237.49,259.69,537.38,135.73,365.59,172.27,169.11
4/1/2024,148.65,59.76,160.63,52.59,367.94,181.91,291.74,338.59,54.97,347.12,48.00,474.67,136.01,237.93,259.61,545.42,136.39,363.68,171.41,168.94
3/1/2024,147.84,59.96,160.97,53.10,370.60,184.25,294.39,338.26,55.03,344.47,47.57,470.26,135.32,238.45,257.98,542.03,138.92,366.75,171.33,171.47
2/1/2024,148.74,59.82,159.97,53.10,370.87,185.64,297.04,345.08,57.02,346.29,48.17,468.50,138.58,248.42,258.87,539.34,138.17,362.46,172.08,172.95
29/12/2023,146.54,58.93,156.74,52.55,376.04,192.53,296.51,346.55,59.45,353.96,49.52,486.88,147.41,248.48,260.35,526.47,139.69,356.66,170.10,172.91
28/12/2023,145.73,58.75,156.58,52.52,375.28,193.58,295.84,347.36,60.20,358.32,49.52,490.51,148.76,253.18,260.40,524.90,140.23,357.57,170.30,169.84
27/12/2023,146.06,58.71,156.35,52.63,374.07,193.15,294.55,348.53,59.76,357.83,49.42,491.79,146.07,261.44,258.93,522.79,140.37,356.95,169.40,169.39
26/12/2023,145.94,58.56,156.14,52.14,374.66,193.05,292.86,349.31,60.39,354.83,49.28,491.19,143.41,256.61,259.16,520.03,141.52,356.83,168.39,169.40
22/12/2023,145.28,58.32,155.46,52.22,374.58,193.60,291.70,348.59,60.69,353.39,48.83,486.76,139.60,252.54,258.43,520.31,141.49,356.47,167.40,168.86
21/12/2023,144.26,57.99,154.84,51.60,373.54,194.68,291.39,348.97,60.47,354.09,48.99,491.61,139.91,254.50,259.54,519.88,140.42,356.14,167.50,167.68
20/12/2023,143.91,57.61,153.27,51.24,370.62,194.83,288.99,348.66,59.63,349.28,48.11,489.27,135.47,247.14,257.11,515.93,138.34,355.35,166.55,166.97
19/12/2023,146.17,58.83,156.46,51.84,373.26,196.94,290.73,352.07,62.43,350.36,49.60,495.02,140.15,257.22,259.99,524.04,136.65,361.80,168.45,165.69
18/12/2023,146.17,59.02,155.44,51.66,372.65,195.89,290.23,350.81,61.54,344.62,50.08,486.12,138.90,252.08,258.37,526.55,135.80,359.65,166.23,167.95
15/12/2023,143.96,58.60,155.16,50.91,370.73,197.57,287.27,354.00,63.11,334.92,48.89,472.06,139.15,253.50,258.03,531.12,132.60,356.50,165.23,168.91
14/12/2023,144.66,59.04,156.87,50.72,365.93,198.11,290.02,351.81,56.12,333.17,48.35,469.83,138.00,251.05,258.73,534.24,131.94,358.12,163.99,167.00
13/12/2023,148.58,59.93,155.79,51.35,374.37,197.96,295.93,343.40,56.15,334.74,48.09,479.98,138.19,239.29,262.38,549.01,132.57,362.03,161.06,168.25
12/12/2023,145.94,59.42,155.07,50.45,374.38,194.71,291.42,333.20,56.00,334.22,47.66,463.00,137.61,237.01,259.56,545.72,132.52,360.02,160.52,172.01
11/12/2023,145.82,59.04,155.06,50.41,371.30,193.18,289.15,331.33,53.72,325.28,46.63,459.89,134.41,239.74,256.52,543.68,133.29,357.06,159.10,168.47
8/12/2023,145.15,58.61,154.42,50.29,374.23,195.71,285.53,326.47,49.73,332.75,47.51,453.76,128.92,243.84,255.74,549.77,134.99,353.08,158.52,167.82
7/12/2023,146.50,58.74,155.40,50.82,370.95,194.27,286.79,326.17,47.44,326.59,46.60,452.00,128.37,242.64,255.82,548.27,136.93,352.70,156.79,165.68
6/12/2023,146.65,58.60,156.62,51.35,368.80,192.32,286.86,326.11,47.36,317.45,45.50,446.73,116.82,239.37,254.29,549.53,130.02,352.38,156.31,167.46
5/12/2023,146.76,58.66,158.55,51.91,372.52,193.42,286.54,323.50,46.06,318.29,46.57,455.15,118.38,238.72,254.61,550.26,130.99,355.03,157.97,167.51
4/12/2023,152.06,58.57,158.88,51.43,369.14,189.43,286.13,324.02,45.88,320.02,45.51,453.90,118.57,235.58,254.44,548.28,129.27,356.66,157.99,167.94
1/12/2023,152.66,58.64,158.38,51.45,374.51,191.24,285.96,319.62,45.99,324.82,46.76,465.74,121.39,238.83,256.45,547.16,131.86,357.07,156.84,169.14
30/11/2023,153.52,58.44,154.66,51.90,378.91,189.95,281.84,313.49,43.10,327.15,46.77,473.97,121.16,240.08,256.68,552.97,132.53,360.00,156.08,168.69
29/11/2023,151.13,58.23,152.11,52.03,378.85,189.37,280.38,311.02,43.62,332.20,48.14,477.19,123.85,244.14,254.23,534.98,134.99,358.69,154.32,168.29
28/11/2023,152.29,58.58,151.63,52.88,382.70,190.40,282.09,313.34,42.71,338.99,47.82,479.00,122.01,246.72,252.94,540.53,137.20,360.05,153.54,167.16
27/11/2023,151.24,58.46,151.28,52.26,378.61,189.79,281.84,310.92,42.35,334.70,48.24,479.17,122.65,236.08,254.14,543.59,136.41,361.34,153.19,168.86
24/11/2023,151.38,58.57,152.50,52.02,377.43,189.97,282.54,310.70,42.74,338.23,47.78,479.56,122.31,235.45,254.30,547.10,136.69,362.68,153.54,168.32
22/11/2023,151.02,58.42,150.82,51.56,377.85,191.31,281.93,309.20,42.26,341.49,48.72,478.00,122.51,234.21,253.72,543.76,138.49,361.80,153.33,169.37
21/11/2023,149.61,58.03,151.12,51.95,373.07,190.64,280.47,305.34,42.50,336.98,49.94,474.95,119.16,241.20,252.23,539.59,136.97,361.00,152.97,169.22
20/11/2023,150.27,57.40,149.91,51.77,377.44,191.45,279.03,308.19,43.80,339.97,50.41,474.47,121.53,235.60,249.97,535.10,136.25,361.33,153.29,167.80
17/11/2023,151.07,57.26,149.79,51.78,369.85,189.69,275.75,307.27,42.95,335.04,49.30,465.91,120.62,234.30,249.56,536.29,135.31,358.93,152.82,166.52
16/11/2023,152.83,57.15,150.10,52.01,376.17,189.71,276.12,306.44,42.62,334.19,49.48,466.95,119.83,233.59,248.57,539.82,136.93,359.86,151.45,166.76
15/11/2023,151.42,57.21,148.80,56.59,369.67,188.01,270.39,308.19,43.38,332.71,48.89,461.94,118.00,242.84,248.11,538.41,134.62,356.79,149.74,167.71
14/11/2023,152.12,57.10,147.66,55.88,370.27,187.44,271.49,303.63,42.73,336.31,49.66,448.65,119.88,237.41,246.94,540.46,133.62,354.25,148.44,167.25
13/11/2023,152.46,56.93,147.63,55.89,366.68,184.80,269.20,288.07,41.12,329.19,48.62,444.62,116.79,223.71,244.67,542.57,132.09,350.01,145.78,168.11
10/11/2023,151.41,56.72,147.25,55.40,369.67,186.40,267.79,291.59,40.98,328.77,48.33,447.24,118.59,214.65,245.25,541.21,132.59,350.56,146.43,167.77
9/11/2023,150.35,56.66,147.42,54.64,360.69,182.41,266.91,287.87,40.04,320.55,46.95,435.15,113.49,209.98,241.64,539.00,130.24,348.18,144.29,166.92
8/11/2023,150.01,57.09,150.35,54.77,363.20,182.89,267.49,295.92,41.13,319.78,46.57,436.65,113.59,222.11,243.91,536.73,131.84,346.30,144.72,166.16
7/11/2023,150.59,57.18,150.90,55.22,360.53,181.82,268.67,294.77,41.08,318.82,45.96,434.61,113.45,222.18,244.77,537.83,130.97,346.17,144.01,167.39
6/11/2023,150.94,56.97,151.70,54.96,356.53,179.23,268.91,294.57,40.41,315.80,45.75,434.74,111.75,219.27,243.49,533.46,130.25,346.63,144.08,167.18
3/11/2023,150.07,56.74,151.34,54.89,352.80,176.65,267.87,295.61,41.09,314.60,45.01,432.36,112.25,219.96,243.60,530.90,129.10,351.81,143.00,166.70
2/11/2023,151.44,57.09,150.24,55.17,348.32,177.57,266.85,294.53,39.88,310.87,43.51,424.71,107.83,218.51,243.25,536.13,127.49,349.02,141.42,166.79
1/11/2023,149.61,56.44,148.69,54.96,346.07,173.97,261.97,286.63,38.69,311.85,42.33,420.19,108.04,205.66,238.58,531.60,126.45,343.75,138.94,166.83
31/10/2023,150.03,56.49,148.34,54.47,338.11,170.77,262.17,284.69,38.88,301.27,40.78,411.69,98.50,200.84,235.10,535.56,124.08,341.33,139.06,164.87
30/10/2023,149.26,56.15,147.03,54.34,337.31,170.29,260.15,281.48,38.77,302.66,41.16,410.08,96.18,197.36,233.08,529.99,124.46,337.41,137.42,163.28
27/10/2023,147.16,55.24,145.60,53.72,329.81,168.22,255.76,276.46,38.53,296.73,40.50,397.87,96.43,207.30,229.27,524.66,122.17,331.71,135.69,162.28
26/10/2023,149.80,55.78,149.00,53.92,327.89,166.89,255.83,278.00,38.96,288.35,40.33,403.54,93.67,205.76,231.28,528.36,122.28,336.16,140.76,159.62
25/10/2023,150.60,56.12,151.57,54.25,340.67,171.10,258.03,280.93,39.39,299.53,41.78,411.25,96.06,212.42,236.85,530.21,125.61,336.90,140.40,161.41
24/10/2023,149.90,55.64,151.23,54.42,330.53,173.44,257.27,283.31,40.54,312.55,43.66,413.73,101.67,216.52,234.65,525.00,138.81,338.63,141.17,162.35
23/10/2023,148.15,54.08,151.39,53.67,329.32,173.00,254.75,285.07,40.08,314.01,42.97,406.84,100.01,212.08,231.53,521.57,136.50,336.84,141.00,162.19
20/10/2023,148.05,54.57,153.00,52.92,326.67,172.88,258.11,286.41,40.27,308.65,41.39,400.96,101.81,211.99,233.38,527.03,135.60,335.86,142.95,160.08
19/10/2023,148.25,54.35,152.32,53.59,331.32,175.46,258.38,286.77,41.14,312.81,42.10,401.77,102.40,220.11,233.81,531.63,137.75,338.66,145.29,160.00
18/10/2023,150.03,54.05,152.73,53.85,330.11,175.84,256.03,290.24,41.65,316.97,42.20,346.19,102.17,242.68,237.47,536.06,137.96,340.89,145.91,160.56
17/10/2023,146.26,54.07,156.09,53.81,332.06,177.15,251.14,295.94,42.48,324.00,43.94,355.72,105.14,254.85,241.20,536.65,139.72,345.39,147.53,162.03
16/10/2023,146.07,53.43,157.53,53.74,332.64,178.72,249.94,297.33,41.67,321.15,46.10,360.82,106.46,253.92,240.07,538.03,139.10,346.23,147.85,160.37
13/10/2023,144.69,52.89,156.85,53.28,327.73,178.85,248.31,291.92,40.57,314.69,45.46,355.68,105.09,251.12,237.67,539.40,137.36,345.09,148.00,161.08
12/10/2023,143.32,52.81,156.33,52.98,331.16,180.71,246.19,293.02,40.45,324.16,46.94,361.20,108.79,258.87,236.78,525.54,138.97,345.66,145.81,160.00
11/10/2023,143.00,53.71,156.18,52.74,332.42,179.80,250.92,298.05,42.23,327.82,46.81,365.93,108.31,262.99,235.68,524.13,140.55,348.43,146.15,158.08
10/10/2023,144.78,54.03,158.36,52.53,328.39,178.39,251.52,299.22,42.35,321.84,45.80,373.32,109.01,263.62,236.60,524.24,138.06,348.56,145.65,162.62
9/10/2023,143.36,52.88,158.54,51.95,329.82,178.99,249.92,295.36,42.38,318.36,45.27,385.95,106.97,259.67,234.44,526.51,138.42,345.45,144.77,164.40
6/10/2023,144.09,53.14,157.64,52.14,327.26,177.49,248.22,292.82,42.13,315.43,45.76,381.51,107.24,260.53,235.04,524.81,137.58,346.34,145.10,161.36
5/10/2023,143.80,52.38,157.14,53.03,319.36,174.91,252.23,291.70,41.04,304.79,44.69,372.59,102.91,260.05,233.48,516.23,135.07,345.06,142.90,160.29
4/10/2023,145.97,55.04,155.52,53.67,318.95,173.66,255.81,292.39,41.44,305.58,44.04,376.90,104.07,261.16,231.22,510.62,135.24,343.69,143.35,160.10
3/10/2023,145.49,54.88,155.34,53.03,313.39,172.40,254.49,291.94,41.52,300.94,43.52,376.75,100.08,246.53,228.81,509.47,132.43,343.04,142.71,168.91
2/10/2023,145.19,55.48,155.15,53.37,321.80,173.75,257.75,299.83,41.73,306.82,44.78,380.33,103.27,251.60,231.27,514.57,134.17,348.08,143.77,167.70
29/9/2023,145.86,55.98,155.75,53.31,315.75,171.21,263.44,302.16,42.00,300.21,43.50,377.60,102.82,250.22,230.01,504.19,130.86,350.30,145.02,169.17
28/9/2023,146.34,55.81,156.88,54.18,313.64,170.69,265.59,303.49,42.01,303.96,43.09,376.36,102.76,246.38,231.66,510.10,132.31,357.06,147.59,169.44
27/9/2023,147.34,55.95,157.11,53.91,312.79,170.43,263.64,301.82,41.32,297.74,42.47,377.59,98.07,240.50,229.50,503.73,130.54,357.78,145.78,169.50
26/9/2023,149.32,56.53,159.02,54.17,312.14,171.96,267.72,302.54,41.04,298.96,41.91,379.25,95.96,244.12,229.65,505.45,128.57,359.42,144.93,169.57
25/9/2023,150.66,57.00,160.26,54.36,317.54,176.08,269.78,306.49,41.50,300.83,42.22,384.80,97.38,246.99,233.36,510.28,131.11,361.71,146.45,172.52
22/9/2023,151.58,57.60,160.50,54.12,317.01,174.79,272.22,305.73,41.50,299.08,41.61,379.81,96.20,244.88,235.08,506.10,130.25,360.16,145.73,174.33
21/9/2023,152.14,57.54,161.66,53.97,319.53,173.93,271.22,306.76,42.19,295.73,41.02,384.15,96.11,255.70,236.61,501.14,130.44,363.28,147.14,175.27
20/9/2023,153.47,58.44,162.91,54.64,320.77,175.49,277.20,310.86,43.42,299.67,42.24,386.30,100.34,262.59,241.86,492.13,133.74,366.82,148.30,175.38
19/9/2023,153.60,58.18,162.20,54.46,328.65,179.07,278.13,314.61,43.69,305.07,43.52,396.20,101.61,266.50,243.56,480.66,138.04,370.48,148.93,178.38
18/9/2023,154.05,58.30,162.47,54.47,329.06,177.97,277.72,317.26,43.76,302.55,43.97,394.40,102.37,265.28,244.66,486.06,138.21,370.43,149.12,178.32
15/9/2023,153.47,57.94,161.45,54.88,330.22,175.01,278.23,321.40,43.95,300.31,43.90,396.94,101.49,274.39,241.07,486.70,137.40,367.86,148.81,179.38
14/9/2023,154.77,58.46,163.74,55.08,338.70,175.74,284.76,329.63,44.95,311.72,45.58,400.49,106.63,276.04,241.50,483.60,138.10,369.50,149.25,179.84
13/9/2023,153.09,58.44,163.99,54.85,336.06,174.21,281.77,325.88,45.48,305.06,45.49,412.24,107.71,271.30,247.83,479.84,136.71,367.82,146.41,181.23
12/9/2023,152.03,58.30,163.58,54.84,331.77,176.30,280.71,326.28,46.40,301.66,44.87,434.69,105.31,267.48,247.30,479.90,135.34,367.78,146.34,179.68
11/9/2023,154.75,58.88,162.66,54.78,337.94,179.36,279.76,328.37,47.01,307.56,45.18,445.36,105.32,273.58,247.22,479.38,136.92,365.52,144.46,178.27
8/9/2023,152.93,58.33,160.56,54.59,334.27,178.18,279.22,328.71,50.21,297.89,45.57,442.80,106.09,248.50,247.29,480.77,136.38,363.15,143.83,178.93
7/9/2023,153.59,58.33,160.03,54.49,329.91,177.56,278.33,328.42,52.13,298.67,46.24,443.14,106.59,251.49,247.14,484.81,135.26,361.80,143.72,176.27
6/9/2023,152.14,58.78,158.01,53.82,332.88,182.91,275.44,326.00,52.78,299.17,47.06,445.76,109.28,251.92,246.16,476.94,134.46,361.67,144.96,176.40
5/9/2023,152.44,58.82,160.68,53.42,333.55,189.70,279.16,327.78,52.27,300.15,48.55,448.68,110.78,256.49,245.34,480.81,135.77,360.47,145.20,174.73
1/9/2023,154.51,59.31,160.48,53.86,328.66,189.46,280.94,333.08,51.67,296.38,48.51,439.88,109.45,245.01,248.11,476.24,135.66,362.46,146.82,174.16
31/8/2023,154.34,59.83,161.68,54.20,327.76,187.87,281.15,330.30,50.30,295.89,49.35,433.68,105.72,258.08,245.68,476.58,136.17,360.20,146.33,175.32
30/8/2023,154.04,60.47,163.73,53.73,328.79,187.65,284.24,330.63,48.88,295.10,49.26,434.67,106.59,256.90,246.23,491.53,135.88,361.06,148.16,177.92
29/8/2023,153.87,60.50,164.31,53.35,328.41,184.12,283.59,329.38,47.95,297.99,48.78,429.99,105.92,257.18,245.34,492.83,134.57,358.29,148.76,181.08
28/8/2023,153.78,60.56,164.29,52.91,323.70,180.19,283.68,325.91,47.74,290.26,46.83,418.06,102.61,238.82,243.83,491.28,131.01,355.55,147.56,180.93
25/8/2023,153.54,60.39,166.25,52.61,322.98,178.61,284.58,322.86,48.29,285.50,46.02,416.03,102.25,238.59,242.57,489.12,129.88,355.93,147.05,180.25
24/8/2023,152.54,60.11,165.09,52.30,319.97,176.38,282.35,322.59,46.69,286.75,47.16,406.93,101.80,230.04,239.47,488.10,129.78,354.30,147.23,179.42
23/8/2023,153.25,60.27,164.53,52.70,327.00,181.12,281.87,326.09,48.16,294.24,47.12,427.55,109.43,236.86,242.30,489.44,132.37,354.26,147.37,177.18
22/8/2023,151.83,60.06,166.02,52.34,322.46,177.23,280.31,324.48,47.87,287.60,45.67,413.17,105.66,233.19,240.57,492.34,129.08,350.57,146.38,178.12
21/8/2023,151.77,60.43,167.35,52.50,321.88,175.84,280.04,324.06,47.97,289.90,46.97,408.29,108.22,231.28,239.46,497.68,128.37,352.09,149.48,175.70
18/8/2023,152.54,60.95,172.49,52.64,316.48,174.49,281.74,327.37,48.28,283.25,43.30,404.53,105.45,215.49,238.17,498.44,127.46,352.56,148.97,177.05
17/8/2023,152.11,60.61,174.01,51.90,316.88,174.00,281.86,327.28,47.62,285.09,43.34,403.00,104.44,219.22,237.37,493.96,129.92,353.19,148.63,178.18
16/8/2023,153.21,60.48,172.39,53.09,320.40,176.57,285.40,333.03,48.36,294.29,43.49,415.45,107.19,225.60,239.29,503.56,128.70,354.11,150.19,178.45
15/8/2023,154.79,60.47,172.94,53.06,321.86,177.45,288.30,332.14,48.54,301.95,43.94,423.70,111.35,232.96,239.83,506.69,129.78,354.50,150.83,181.21
14/8/2023,155.79,60.88,173.44,53.33,324.04,179.46,288.81,329.95,49.43,306.19,43.75,427.78,111.98,239.76,242.90,510.93,131.33,358.48,154.77,181.35
11/8/2023,157.02,61.17,173.85,53.73,321.01,177.79,288.62,331.11,49.22,301.64,40.85,421.66,107.57,242.65,240.04,508.01,129.56,358.35,154.45,183.62
10/8/2023,156.11,60.92,172.17,53.42,322.93,177.97,287.60,329.40,50.29,305.74,42.39,429.98,110.23,245.34,240.16,503.48,129.69,356.98,153.56,184.04
9/8/2023,156.89,61.06,173.07,53.64,322.23,178.19,288.23,328.21,50.70,305.21,42.55,428.90,110.47,242.19,239.76,502.11,129.66,358.02,153.79,183.75
8/8/2023,157.09,60.92,173.18,53.55,326.05,179.80,289.58,327.81,51.09,312.64,44.66,438.30,113.23,249.70,239.29,505.86,131.40,363.73,155.88,183.98
7/8/2023,156.92,61.19,173.10,53.50,330.11,178.85,291.40,329.17,51.51,316.56,45.42,440.76,116.81,251.45,241.51,510.74,131.53,362.58,156.76,184.44
4/8/2023,155.28,60.71,169.04,52.78,327.78,181.99,287.02,326.43,51.24,310.73,44.68,431.60,115.82,253.86,238.99,502.73,128.11,349.99,156.02,186.89
3/8/2023,157.00,61.64,170.64,53.09,326.66,191.17,291.02,329.85,52.25,313.19,44.51,431.00,113.15,259.32,238.76,504.86,128.45,353.81,156.35,184.60
2/8/2023,156.59,61.96,169.91,53.07,327.50,192.58,289.62,328.50,51.34,314.31,44.27,429.70,109.35,254.11,237.56,504.80,128.38,351.19,155.40,187.12
1/8/2023,156.25,61.77,168.89,53.04,336.34,195.60,291.07,332.07,52.99,322.71,46.51,438.62,117.60,261.07,239.78,504.74,131.55,352.26,157.18,188.31
31/7/2023,156.30,61.93,167.53,53.29,335.92,196.45,293.20,333.84,53.82,318.60,46.73,438.97,114.40,267.43,237.73,506.37,132.72,351.96,157.96,186.82
28/7/2023,156.41,62.48,174.48,53.30,338.37,195.83,294.03,331.37,52.86,325.48,46.75,425.78,112.96,266.44,235.75,502.91,132.58,349.81,156.91,187.46
27/7/2023,152.11,62.44,173.69,53.05,330.72,193.22,295.19,329.71,52.01,311.71,45.90,413.17,111.10,255.71,234.44,505.23,129.40,349.31,156.02,190.31
26/7/2023,153.94,63.05,172.72,53.25,337.77,194.50,291.75,329.59,52.53,298.57,45.45,422.67,110.09,264.35,237.10,508.00,129.27,349.80,157.76,188.53
25/7/2023,153.78,62.25,172.39,53.06,350.98,193.62,292.36,325.13,51.29,294.47,45.68,427.70,113.00,265.28,238.69,510.93,122.21,347.58,156.82,191.60
24/7/2023,153.42,62.46,171.08,53.10,345.11,192.75,295.31,325.11,51.82,291.61,44.61,428.37,110.61,269.06,240.74,508.68,121.53,349.63,158.00,191.36
21/7/2023,152.93,62.44,170.19,52.79,343.77,191.94,295.61,320.47,52.06,294.26,44.31,427.50,110.95,260.02,239.25,506.53,120.02,345.76,154.95,190.92
20/7/2023,150.56,62.39,168.38,52.49,346.87,193.13,297.13,319.09,51.72,302.52,45.52,437.42,110.25,262.90,239.62,504.24,119.20,346.61,156.15,190.16
19/7/2023,150.29,61.64,158.74,51.54,355.08,195.10,294.13,319.48,54.18,316.01,47.08,477.59,116.43,291.26,241.42,503.70,122.03,342.43,154.25,189.30
18/7/2023,149.27,60.57,159.06,51.52,359.49,193.73,293.82,316.76,53.84,312.05,47.49,474.80,117.93,293.34,240.77,500.00,123.76,345.34,153.66,186.26
17/7/2023,148.99,60.81,159.07,51.62,345.73,193.99,294.68,316.05,52.76,310.62,46.46,450.05,118.32,290.38,243.99,484.08,124.65,344.25,153.38,184.45
14/7/2023,150.05,60.90,159.87,51.55,345.24,190.69,294.94,316.50,52.72,308.87,45.47,441.91,115.94,281.38,243.16,480.17,125.42,341.09,149.77,185.63
13/7/2023,148.95,60.35,158.81,51.38,342.66,190.54,295.22,314.60,53.93,313.41,45.98,450.38,115.92,277.90,243.31,447.75,124.54,343.54,148.87,188.21
12/7/2023,148.85,59.84,158.08,51.68,337.20,189.77,295.61,317.52,51.80,309.34,43.90,444.05,114.58,271.99,242.21,451.70,118.93,345.35,148.15,187.53
11/7/2023,148.08,59.52,158.63,51.55,332.47,188.08,294.74,313.66,51.76,298.29,42.40,440.21,111.32,269.79,240.55,462.89,117.14,343.37,147.42,183.17
10/7/2023,148.86,59.31,159.51,51.63,331.83,188.61,294.49,310.28,51.11,294.10,42.18,441.71,113.58,269.61,238.16,463.05,116.45,341.13,145.15,183.98
7/7/2023,148.80,59.76,159.25,51.16,337.22,190.68,292.10,302.81,49.70,290.53,42.50,438.10,113.17,274.43,236.45,461.58,119.48,340.90,144.34,184.30
6/7/2023,151.99,60.56,161.60,52.37,341.27,191.81,294.92,302.02,49.44,291.99,42.10,438.84,113.48,276.54,238.88,469.36,120.11,341.46,143.21,183.08
5/7/2023,152.24,61.03,162.81,52.70,338.15,191.33,296.90,310.80,50.93,294.37,42.32,445.90,113.95,282.48,239.45,471.22,121.75,341.56,144.64,186.60
3/7/2023,152.50,60.58,163.35,52.73,337.99,192.46,294.84,310.02,51.80,286.02,42.41,441.44,115.82,279.82,237.97,477.88,119.90,342.00,146.61,186.58
30/6/2023,151.74,60.22,165.52,52.39,340.54,193.97,298.41,310.64,51.09,286.98,42.30,440.49,113.91,261.77,237.48,480.64,119.70,341.00,145.44,185.60
29/6/2023,149.38,60.02,164.10,51.43,335.05,189.59,294.47,307.82,51.22,281.53,40.82,428.24,111.24,257.50,234.32,476.44,119.10,336.91,143.43,185.22
28/6/2023,149.99,60.52,162.96,51.78,335.85,189.25,291.74,306.51,51.72,285.29,41.12,429.84,110.17,256.24,227.96,474.45,120.18,334.15,138.59,183.88
27/6/2023,150.02,61.09,163.29,51.50,334.57,188.06,291.30,313.74,50.93,287.05,41.88,417.08,110.39,250.21,227.34,482.56,118.33,335.34,139.20,183.70
26/6/2023,148.61,61.22,163.63,51.68,328.60,185.27,289.09,307.89,50.61,278.47,40.63,415.94,107.51,241.05,226.30,479.06,118.34,334.12,139.19,186.22
23/6/2023,148.46,61.20,165.48,51.82,335.02,186.68,289.91,300.81,50.08,288.73,42.21,424.02,110.01,256.60,229.55,477.00,122.34,335.25,138.85,184.89
22/6/2023,149.95,61.85,165.62,51.92,339.71,187.00,293.30,301.18,50.85,284.88,43.03,422.48,110.70,264.61,228.39,479.05,123.15,336.96,139.58,186.07
21/6/2023,149.44,61.43,163.88,51.49,333.56,183.96,294.52,300.70,50.70,281.64,43.04,424.45,112.11,259.46,227.25,476.75,120.55,338.61,142.32,187.35
20/6/2023,148.16,61.26,164.13,51.39,338.05,185.01,293.04,301.41,52.01,284.33,43.81,434.70,118.93,274.45,226.47,469.39,123.10,338.67,142.53,185.43
16/6/2023,149.54,61.67,164.23,51.84,342.33,184.92,293.70,300.38,53.85,281.00,42.69,431.96,120.08,260.54,228.91,458.49,123.53,338.31,143.26,185.31
15/6/2023,148.45,61.23,163.73,52.58,348.10,186.01,292.61,302.02,54.28,281.83,42.65,445.27,124.24,255.90,226.17,465.89,125.09,339.82,143.09,186.04
14/6/2023,146.42,60.86,161.56,52.29,337.34,183.95,288.44,299.71,54.10,273.35,43.00,440.86,127.33,256.79,223.44,459.86,123.67,335.90,141.49,185.71
13/6/2023,145.06,60.45,160.74,51.77,334.29,183.31,288.55,300.08,55.28,271.32,41.02,435.73,124.53,258.71,223.40,491.31,123.83,336.39,142.02,183.17
12/6/2023,145.41,60.21,159.90,51.37,331.85,183.79,288.57,300.86,54.92,271.05,39.48,423.97,129.19,249.83,226.17,492.59,123.64,333.60,141.00,181.54
9/6/2023,146.56,60.47,160.01,51.03,326.79,180.96,286.79,297.35,57.02,264.95,38.77,420.02,124.92,244.40,223.56,493.62,122.23,335.29,141.01,181.90
8/6/2023,146.44,60.37,160.26,50.72,325.26,180.57,285.78,301.09,58.48,264.58,38.51,409.37,121.05,234.86,223.05,490.23,122.14,335.95,140.73,182.35
7/6/2023,144.80,60.22,158.52,50.00,323.38,177.82,281.90,301.70,57.22,263.60,37.47,399.77,117.83,224.57,225.27,482.13,122.50,335.42,140.69,182.10
6/6/2023,144.49,60.31,158.18,49.93,333.68,179.21,284.54,296.00,59.15,271.12,38.65,399.29,124.23,221.31,228.22,487.57,127.31,333.41,139.34,180.11
5/6/2023,145.94,60.75,158.32,49.93,335.94,179.58,288.43,293.10,57.57,271.39,39.17,403.54,117.93,217.61,226.77,498.19,126.01,328.58,139.09,181.56
2/6/2023,146.52,61.16,156.97,49.61,335.40,180.95,289.91,295.94,57.47,272.61,39.33,400.47,117.86,213.97,228.79,499.58,124.67,329.48,140.47,184.19
1/6/2023,143.96,60.00,154.54,49.14,332.58,180.09,287.87,288.39,57.20,272.61,39.77,403.13,119.47,207.52,226.50,493.63,123.72,323.12,137.58,184.06
31/5/2023,142.50,59.66,155.06,48.96,328.39,177.25,285.11,283.45,56.40,264.72,37.83,395.23,118.21,203.93,221.03,487.24,122.87,321.08,135.71,182.19
30/5/2023,143.18,59.78,154.37,48.69,331.21,177.30,284.92,292.40,55.97,262.52,40.11,392.98,125.27,201.16,221.64,479.85,123.67,322.19,137.46,182.35
26/5/2023,145.40,60.26,154.35,48.81,332.89,175.43,286.04,292.83,55.00,262.04,38.95,378.88,127.03,193.17,225.01,481.52,124.61,320.60,136.94,181.61
25/5/2023,145.39,60.41,154.41,48.72,325.92,172.99,285.52,286.75,53.34,252.69,37.98,359.00,120.35,184.47,223.38,477.70,123.48,319.02,135.67,183.58
24/5/2023,146.33,60.88,156.66,49.21,313.85,171.84,285.92,291.10,53.47,249.21,30.54,364.85,108.27,182.90,222.25,480.83,120.90,320.20,135.34,183.80
23/5/2023,147.55,61.40,156.81,49.44,315.26,171.56,286.37,294.94,54.40,246.74,30.69,355.99,108.12,185.77,224.58,479.44,122.56,323.11,136.59,184.89
22/5/2023,149.16,61.51,156.87,49.53,321.18,174.20,289.35,290.66,55.45,248.32,31.18,363.01,108.00,188.87,231.28,480.62,125.05,329.13,138.03,186.07
19/5/2023,153.17,62.83,158.91,49.97,318.34,175.16,295.55,290.88,53.12,245.64,31.26,365.36,105.82,180.14,233.31,478.82,122.76,330.39,139.18,186.64
18/5/2023,152.53,62.80,158.48,50.49,318.52,175.05,294.05,295.16,52.56,246.85,31.68,371.29,107.93,176.89,233.60,479.23,122.83,329.76,139.50,191.84
17/5/2023,155.08,63.15,158.99,49.84,314.00,172.69,293.46,292.39,52.29,242.49,30.18,339.96,103.75,173.86,232.65,484.81,120.84,327.39,138.45,191.56
16/5/2023,155.74,63.22,159.34,49.93,311.74,172.07,294.15,282.33,50.26,238.82,29.21,333.75,101.48,166.52,230.47,479.72,119.51,323.75,134.32,192.06
15/5/2023,156.01,63.94,159.55,50.63,309.46,172.07,295.90,288.54,51.10,238.86,28.95,335.89,97.40,166.35,232.81,486.86,116.51,323.53,135.23,193.43
12/5/2023,155.96,64.11,160.78,51.02,308.97,172.57,296.14,290.47,48.85,233.81,28.34,339.89,95.26,167.98,231.38,491.23,117.51,322.49,134.10,194.27
11/5/2023,154.39,63.86,160.99,51.04,310.11,173.75,294.79,287.69,49.44,235.79,28.58,344.76,97.10,172.08,231.01,488.76,116.57,322.64,136.05,196.12
10/5/2023,154.03,63.50,161.65,50.85,312.31,173.55,296.57,289.03,50.01,233.08,28.89,335.42,97.02,168.54,231.27,490.07,111.75,322.99,136.48,195.34
9/5/2023,153.71,63.39,161.05,50.99,307.00,171.77,296.66,290.58,49.43,233.37,28.57,332.14,95.06,169.15,233.26,490.38,107.35,324.87,136.41,194.27
8/5/2023,155.30,63.92,162.31,50.91,308.65,173.50,296.69,287.93,49.30,233.27,29.15,331.21,95.04,171.79,232.23,492.62,107.77,326.14,137.07,194.14
